Chromosome	Position	Length	Sequence	Quality	Genotype	Filter	Gene
chr1	1929384	261	GAGGGGACAGGTCTGGGGAGGCAGGAGAGAGGGTGAGGGGAGGCAGG...	588	1/1	PASS	CFAP74
chr1	3260742	181	TGATGGTGATGATAATGATAGTGATGGTGATGATGATATGATAGTGG...	999	1/1	PASS	PRDM16
chr1	3477303	181	TCACCCCCACACTACCCACCCCCATCACCCCACAACCCACCCCCATC...	846	1/1	PASS	ARHGEF16
chr1	7018128	166	AATGCCAGGGTTTTTTTTTTTTTTTTTTTTTCTGCCGCCCAGGCCGG...	458	0/1	PASS	CAMTA1
chr1	7520219	187	CTCCTCCTCCTTCTCCTCCCTCCTCCTCCTCCCCTCCTCCCTCCTCC...	341	1/1	PASS	CAMTA1
chr1	8386567	344	GAACTCTTTTTTTTTTTTTTTTTTTTTTTTTTTTTTTTTTTTTTTTT...	773	1/1	PASS	RERE
chr1	9061386	203	CCCTTTGCCATTCTAAATTGTGTCTGAATTTGGTACCTTAAATTGCA...	995	0/1	PASS	SLC2A5
chr1	10971075	253	GAGGCAGAGGCTGCAGTGAGTCCAGCCTGGGGGACAGAGTGAGACCC...	999	1/1	PASS	C1orf127
chr1	11041736	163	AGAAGAATGGGTGGATGGATAGATAGATGGCTGGAAGGATGGATTAA...	999	1/1	PASS	MASP2
chr1	14652506	211	CTATCCGCCTATCCATCCACCCACCCACCCATCCATCTGCCTATACA...	701	1/1	PASS	KAZN
chr1	17351982	144	AGGTGGGAGGAGAGACTGTGGTCAGAGAGGTGAGGTGGTAAGAGAGG...	134	0/1	PASS	PADI4
chr1	22577990	172	ATGTGTGTGTGTGTATGTGTGCATGTGTGCGTGAGTGTATGTATGCA...	567	1/1	PASS	EPHA8
chr1	23117477	134	TCTCTCTCTCCCCCCCCCCCCAACCAGCCCCCCCCCCCCCCCCCCTT...	80	1/1	SampleFT	LUZP1
chr1	23899810	227	AAGAAAGAAAGAGATGAAAGAAAGAAAGAAAGAAAGAAAGAAAGAAA...	362	1/1	PASS	CNR2
chr1	27878460	255	AGGCGTGAGCCACCATGTCCGGCCCAGACAGAGTTTCACCATATTGC...	905	1/1	PASS	THEMIS2
chr1	28994950	341	CACCCAGCCTTATTTCTTTTTTTTTTTTTTTTGAGACCTCCTTTTTT...	393	0/1	PASS	EPB41
chr1	32642777	313	TTTTTTTTTTTTGAGACGGAGTCTCGCTCTAGTCTCGCTCTATCGCC...	797	1/1	PASS	ZBTB8OS
chr1	33864929	124	GGAGAGGGGAAGGGAGGGGGGAGGGGAGGGAGAGGAGGGGAAGGGAG...	200	1/1	PASS	CSMD2
chr1	38920607	157	TTTTTTTTTTTTTTTTTTTTTTTTTTTTTTTTTTTTTTTGAAACGAA...	86	0/1	PASS	RHBDL2
chr1	39664497	123	CCTCTCCTCTCCTCTCCTCTCCTCTCCTCTCCTCCTCCTTCTCTTTC...	269	1/1	PASS	NT5C1A
chr1	40050405	127	GAAATATCTTCTGTAGTCTGGGCACGGTGGCTCATGCCTGTAATCCC...	908	1/1	PASS	CAP1
chr1	43594283	218	CCCAAGGCAACCCTCTTTGACCCCTCAGATCAAAGGAGGTCTCATCA...	999	1/1	PASS	PTPRF
chr1	45330022	151	AGGAGTTCGAGACCGGGCCGGGCGCGGTGGCTCACGCCTGTAATCCC...	532	1/1	PASS	MUTYH
chr1	45703341	285	GCCTCCCAAAGTGCTGGGATTACAGGTTTAAGTCACTGCACTCAGCC...	999	1/1	PASS	IPP
chr1	48963066	283	CAGACTGGGTAATTTTCTTTTTTTTTTTTTTTTTTTTTTTTTTTTTT...	395	0/1	PASS	AGBL4
chr1	51852550	306	TTTTAAACTATATAGTTTATAGTTTTAAACTATATAGTTTTAAACTA...	999	1/1	PASS	NRDC
chr1	53089253	177	TTTTTTGTTTGTTTGTTTGTTTGTTTTTTGAGACAGAGTCTTGCTCT...	746	0/1	PASS	SLC1A7
chr1	53525463	280	GGCTGGGGAGGCTGGGGAGGTTGGGGGTGCTGGGAGTCTGGGGAGGC...	999	1/1	PASS	GLIS1
chr1	56635273	167	AATCCGATGGTTTTTTTTTTTTTTTTTTTTTTTTTTCCAAGGCAGAG...	88	0/1	PASS	LOC101929935
chr1	64492378	269	AGGCCGGACTGCGGACTGCAGTGGCGCAATCTCGGCTCACTGCAAGC...	561	0/1	PASS	CACHD1
chr1	65590243	426	AAAATTATTCATATTGGCCGGGCGCGGTGGCTCACGCCTGTAATCCC...	945	1/1	PASS	LEPR
chr1	72173322	433	AGCAATCTTATTTTCTTTTTTTTTTTTTTTTTTTTTTAGGGTTTAGA...	825	1/1	PASS	NEGR1
chr1	78643143	84	CTGTCGCCCAGGCCGGACTGCGGACTGCAGTGGCGCAATCTCGGCTC...	341	0/1	PASS	IFI44L
chr1	90950307	125	AGGGCAGGGCAGGGCAGGGCAGGGCAGGGGAGGGGAGGGGAGGGGAG...	181	1/1	PASS	ZNF644
chr1	92701962	362	TGTATGTTATTTTTTTTTTTTTTTTTTTTTTTTTTTTTTGGGTTGTT...	852	1/1	PASS	EVI5
chr1	93876121	211	ATTTTTTCTTTTCTTTTTTTTTGTAGAGACAGAGTCTCAATATGTTG...	999	1/1	PASS	DNTTIP2
chr1	105963307	122	TATATATGTGTGTATATATACGTATATATATACGTATATATGTGTGT...	439	1/1	PASS	LINC01677
chr1	107599844	311	TGAACTGTTCTTTTTTTTTTTTTTTTTTTTTTTTTTTGAGACGGAGT...	360	0/1	PASS	VAV3
chr1	107723537	430	CTCAGTGAAATAGTTGTGAAATAATAATAAATATAGGCTGGATGTGG...	999	0/1	PASS	VAV3
chr1	111639406	335	TACACTTTGTTTTTTTTTTTTTTTTTTTATTTTTTATTTTTTATTTT...	626	0/1	PASS	RAP1A
chr1	113416466	176	TAATTATATATAATTAATTTTATATATTAATTCTATATAGTTAATTA...	524	1/1	PASS	MAGI3
chr1	113416469	162	TAATTTTATATATTAATTCTATATAGTTAATTATATATTAATTACAG...	709	1/1	PASS	MAGI3
chr1	114907011	331	CCGTTTTTTTTTTTTTTTTTTTTTTTTTTTTTTTTTTTTTTTTTTTT...	258	0/1	PASS	SYCP1
chr1	150227793	392	CAAATTTCTTTTTTTTTTTTTTTTTTTTTTTTTTTTTTTTTTTTTTT...	999	1/1	PASS	ANP32E
chr1	156735557	123	TAGGCAGGCATGGTAGCTCATACTTGTAGACCCAGCTACTTGGGAGG...	171	1/1	PASS	RRNAD1
chr1	162110292	264	CTGTCGCCCAGGCTGGAGTGCAGTGGCGGGATCTCGGCTCACTGCAA...	293	0/1	PASS	NOS1AP
chr1	165690067	373	AATCCCAGCACTTTGGGAGGCCGAGGCGGGCGGATCACGAGGTCAGG...	747	1/1	PASS	ALDH9A1
chr1	167056594	273	GTATAGTGTGTGTGATGGGAGTGTGATGTGTGGTGTGTGTATGTGGC...	999	1/1	PASS	GPA33
chr1	168410456	368	TGGAGGGGCTGGTGGTGGTGGTGGGGGTAGGTGGCAGAGTGAGTGGG...	999	1/1	PASS	LOC100505918
chr1	169256812	166	GTTTGCTAGAGGTCCACTCCAGACCCTGTTTGCCTGGGTATCAGCAG...	773	0/1	PASS	NME7
chr1	169555621	437	CACTGTTGGTGGGACTGTAAACTAGTTCAACCATTGTGGAAGTCAGT...	999	1/1	PASS	F5
chr1	179606226	315	CTGGTATATCTTCTTTTTTTTTTTTTTTTTTCCAGAATTCTAACAGA...	999	1/1	PASS	TDRD5
chr1	179681956	359	AAGACAGAGTCTCACTCTGTTGCCCAAGCTGGAGTGCAGTGGTGCAA...	727	1/1	PASS	TDRD5
chr1	182451705	320	AAGGGGAGTTTTTTTTTTTTTTTTTTTTTTTTTTTTTTTTGAGACGG...	507	1/1	PASS	RGSL1
chr1	182533300	180	TTTTTTTTTTTTTGTTCAACAATGTATCTTGGACATCATTTTATGTC...	223	0/1	PASS	RGSL1
chr1	182852939	372	TTTGAGGGATAAACTTTTTTAAATGCATGTAATAAACTTAGAGTTAA...	799	0/1	PASS	DHX9
chr1	184000537	325	GATTTTGTAATCCCATCTATTGAGATAATCATGTGGTTTTTGTCTTT...	999	0/1	PASS	COLGALT2
chr1	185615654	358	AAAAGAATTTCTTGGCCGGGCGCGGTGGCTCACGCCTGTAATCCCAG...	165	0/1	PASS	LINC01350
chr1	197042728	322	AAGAATCTCTTGACCCAGCACTTTGGGAGGCCGAGGCGGGCGGATCA...	162	0/1	PASS	F13B
chr1	202789600	221	AGGGGAAAGGGGAAGGGAAGAGAAAGAAAAAGAGAAAGGGAAGGGAA...	764	1/1	PASS	KDM5B
chr1	203657871	438	AAAAATATTTGTAGTACTTTGGGAGGCCGAGGCGGGCGGATCACGAG...	287	0/1	PASS	ATP2B4
chr1	210653965	391	GAATAGTGTGACAATGGAATAATGTGAAAGTGGAATAGTGTGACAGT...	965	1/1	PASS	HHAT
chr1	216023459	161	AAAAAAAAAAAAAAAAAAAAAAAAAAAAAAAAACCAAAAAAAAAAAA...	134	0/1	PASS	USH2A
chr1	216050564	129	TTCCTTTCCTTTCCTTTCCTTTCCTTTCCTTTCCTTTCCTTTCCTTT...	145	0/1	PASS	USH2A
chr1	216265176	445	AAAACAGGTGCAAGGCCGGGCGCGGTGGCTCACGCCTGTAATCCCAG...	649	0/1	PASS	USH2A
chr1	216779465	121	ATATATATTTATAAATATAAATATAAATATATATTTATAAATATAAA...	81	1/1	PASS	ESRRG
chr1	217740158	339	TTCTTTTTTTTTTTTTTTTTTTTTTTTTTTTTTTTTTTTTTTTTTTT...	298	0/1	PASS	SPATA17
chr1	218988268	386	TCCTATATGGGAGATATATATATATATATATATATATATATATATAT...	999	1/1	PASS	MIR548F3
chr1	219073311	164	ACATACATACATATATATATATATATATATATATATATATATATATA...	98	0/1	PASS	MIR548F3
chr1	219074032	216	CAGGGCAAGGGAGGCACTGAAGAAAAACTTGTTAAGTAAGAAAAATT...	808	1/1	PASS	MIR548F3
chr1	220781003	45	CTCCCAAAGTGCTGGGATTACAGGCGTGAGCCACCGCGCCCGGCC	285	0/1	PASS	MTARC2
chr1	224012694	204	TGGAATGGAATGGAATGGAATGGAATGGAATGGAATGGAATGGAATG...	129	0/1	MaxDepth	SEPTIN7P13
chr1	224016478	150	CTCGAATGGAATGGAATGGAATGGAATGGACTCGAATGGAATGGAAT...	447	0/1	PASS	SEPTIN7P13
chr1	227275252	101	CATGGCCGGGCGCGGTGGCTCACGCCTGTAATCCCAGCACTTTGGGA...	207	0/1	PASS	CDC42BPA
chr1	230332040	186	CACACCACACACACACACACCATACCCACAACAGCATACAACACACC...	999	1/1	PASS	PGBD5
chr1	231799889	140	TCCCTCCCTCCCTCCCTCCCTTCTTCCTTCCTTCCTTCCTTCCCTCC...	291	1/1	PASS	TSNAX-DISC1
chr1	232452027	101	TGCCGGGCGCGGTGGCTCACGCCTGTAATCCCAGCACTTTGGGAGGC...	106	0/1	PASS	SIPA1L2
chr1	232733516	417	TAATACCAGCATTTTGGGAGGCCAAGGCAGGTGGACCAGCTGAGGTC...	999	1/1	PASS	LINC01744
chr1	233383393	253	ACTGAGGCCGGGCGCGGTGGCTCACGCCTGTAATCCCAGCACTTTGG...	188	0/1	PASS	MAP3K21
chr1	234076223	349	ACATTTTTTTTTTTTTTGTTTTTTTTTTTTTTTTTTTTTTTTTTTTT...	916	1/1	PASS	SLC35F3
chr1	234207442	205	CCTTCTTTCTTCCTCCCTCCCTCCTTCCTTCCTCCCTCCGTCCTTCC...	801	1/1	PASS	SLC35F3
chr1	235409824	207	TCGAGACCAGTCTGTCCAACATGACGAAACCCCGTGTCTACTAAAAA...	999	1/1	PASS	TBCE
chr1	235587634	398	TGTGTGTGTGAGAGTATGGGTGTGTGTGGGTGTGTGTCTGGGTGTGG...	999	1/1	PASS	GNG4
chr1	237804311	330	CCTCAGTGTGCTTTTTTTTTTTTTTTTGGTGTGCTTTTTTTTTTTTT...	143	0/1	PASS	RYR2
chr1	241326645	360	AGAAAAAGTAGGATTGGCCGGGCGCGGTGGCTCACGCCTGTAATCCC...	423	0/1	PASS	RGS7
chr1	243845405	232	CCAGCCTGGGCAACAAAGTGAGACTATGTCCGTACAAAAAGGAAAAA...	999	1/1	PASS	AKT3
chr1	245600127	336	TCCCGGGTTCAACCGATTCTCCTGCCTCAGCCTCCCGAGTAGCTGGG...	999	1/1	PASS	KIF26B
chr1	245660294	229	GGCATGCATTAGTGCTCTAAGGAGAGGCCTTCGCTGGTTAATGTCCC...	999	1/1	PASS	KIF26B
chr1	245798398	358	CACACCACACATACACACACACACATACACACACAAACACACACACA...	999	1/1	PASS	SMYD3
chr1	245826010	86	GCTGCTTTCTTTTTTTTGATCCGCCCGCCTCGGCCTCCCAAAGTGCT...	354	0/1	PASS	SMYD3
chr1	246009972	230	CCCAGCTAATTTTTGTATTTTTAGTAGAGACGGGGTTTCACCATGTT...	610	1/1	PASS	SMYD3
chr1	246243400	379	CATAGTGAGCCCTTTCTTTTTTTTTTTTTGTTTTTTTTTTTTTTTGG...	565	1/1	PASS	SMYD3
chr1	246243400	333	GGGGGGGTCCTTTTTTTTTTTTTTTTTTTTTTTTTTTTTTTTTTTTG...	565	1/1	PASS	SMYD3
chr1	246243972	196	GCTGAAGCAGGAGGATCACCTGAGGCTAGGAGTTTGAAGCCACGGTC...	999	1/1	PASS	SMYD3
chr1	246613656	216	CTCTCCCCCCTTCTCTCCCTCTCCCTCACCTCCTCTCTCTCTCCCCC...	473	1/1	PASS	CNST
chr1	246642837	222	GTGGTGGTGATGATGATGATGATGATGGTGATGATGATGATGATGGT...	999	1/1	PASS	CNST
chr2	1478427	319	TTTTTTTTTTTTGTGTATATGTGCCACATTTTCTTAATCCAGTCTAT...	306	0/1	PASS	TPO
chr2	1952717	147	CCTTCCTTCCCTCCCTCCCTCCCCCTTCCTCCCTCTCTCCCTCCCTC...	93	1/1	PASS	MYT1L
chr2	11286234	335	TTTGGGGGGGGTTTTTTTTTTTTTTTTTTTTTTTTTTTTTTTTTTTT...	972	1/1	PASS	ROCK2
chr2	14274478	234	GAGGAACAACACATTTTAAATAAGAAAGTTACTTGTCAAACTTATAC...	999	1/1	PASS	LINC00276
chr2	26333430	210	AGGATTAGTTTGGACCTGTATCTCAGAACTAAAGAATAAATCCCACC...	999	1/1	PASS	ADGRF3
chr2	26714468	246	GGGGCCCTCCATCTGGAGTGGCTGGGGCATAGACAGGGCACAGTGCC...	999	1/1	PASS	KCNK3
chr2	26936945	132	AAAAAAAAAAAAAAAAAAAAAAAAAAAAAAACTTTTTTTAAAAAAAC...	42	0/1	MinQUAL	DPYSL5
chr2	27304386	618	CCAGCCTGGGCGACAGAGCGAGACCTCCATGTCTAAAAAAAAATTTT...	999	1/1	PASS	TRIM54
chr2	31336822	352	GAAGCCCCGGCCGGGCGCGGTGGCTCACGCCTGTAATCCCAGCACTT...	999	1/1	PASS	XDH
chr2	34030311	53	CCGCCTCGGCCTCCCAAAGTGCTGGGATTACAGGCGTGAGCCACCGC...	86	0/1	PASS	LINC01317
chr2	36777107	59	TCACGCCTGTAATCCCAGCACTTTGGGAGGCCGAGGCGGGCGGATCA...	49	0/1	MinQUAL	VIT
chr2	38711818	331	ACCACCACCATCATCACCATCCCTACCATCATCACTACAACCACCAT...	721	0/1	PASS	GALM
chr2	38837611	130	AAAAAAAAAAAAAAAAAAAAAAAAAAAAAAAAAACAAAGACTTTCTT...	69	1/1	MinQUAL	DHX57
chr2	39088185	332	TGAATAATCCCACACATCAGTGGTTTTTTTTTTTTTTTTTTTTTTTT...	733	1/1	PASS	SOS1
chr2	45774927	298	GAAGTTGTTTTTCTTTTTTTTTTTTTTTTTTTTTTTTTTTTTTTTTT...	475	0/1	PASS	PRKCE
chr2	46701811	394	TTTTTTTTTTTTTTTTTTTTTTTTTTTTTTGTGAGGGGAAAAGGGGG...	161	0/1	PASS	SOCS5
chr2	50375491	68	CCTCATGATCCACCCGCCTCGGCCTCCCAAAGTGCTGGGATTACAGG...	674	1/1	PASS	NRXN1
chr2	58137180	174	TCATATATATATCATATATCATATATATCATATATGATCATATATCA...	428	1/1	PASS	VRK2
chr2	63552087	326	GGCCCTGCTTTCTTTTTTTTTTTTTTTTTTTTTTTTTGAGACGGAGT...	241	0/1	PASS	WDPCP
chr2	65106668	43	GGCCGGGCGCGGTGGCTCACGCCTGTAATCCCAGCACTTTGGG	249	0/1	PASS	RAB1A
chr2	66431845	387	AGAAAACAAAAGAAGGCCGGGCGCGGTGGCTCACGCCTGTAATCCCA...	322	0/1	PASS	MEIS1-AS3
chr2	71662936	186	TGTGTGTGTGTGTGCATATTTGTGTGTGTATGTCTGTGTCCATGTGT...	410	0/1	PASS	DYSF
chr2	73898352	378	GCACCTTTTCTTTTTTTTTTTTTTTTTTTTTTTTTTTTTTTTTTTTT...	999	1/1	PASS	ACTG2
chr2	75160774	70	AGAGGCCGGGCGCGGTGGCTCACGCCTGTAATCCCAGCACTTTGGGA...	34	0/1	MinQUAL	TACR1
chr2	85767580	168	CCTTCCCTCCCCTGCCCTCCCCTCACTTCCTCCCTCCCTCCCCACTC...	393	1/1	PASS	ATOH8
chr2	104824506	233	GTAGTGATGGTGGTGATGGTGGTGGTGGTGATGATGGTGGTGGTGGT...	999	1/1	PASS	PANTR1
chr2	104824507	217	TGGTGGTGGTGGTGATGATGGTGGTGGTGGTGATGGTGGTGATGGTG...	999	1/1	PASS	PANTR1
chr2	105015794	239	AAGTTAGTATTGAGATATGAGGTACTATTCCATTAATTGTGCTATTT...	575	1/1	PASS	MRPS9-AS2
chr2	108181232	274	ATATATGATATATATAATATATTATATATGATATATCATATAAAATA...	708	1/1	PASS	LINC01594
chr2	110115479	168	CTCGGTCCGGTCTGGGTCTCTCTCGGCGCGGTCCGGTCTGGGTCCGA...	282	1/1	PASS	MALL
chr2	110924785	283	TTTTTTTTTTTTTTTTTTTTTTTTTTGAGACGGAGTCTCGCTCTGTC...	423	0/1	PASS	ACOXL
chr2	111251507	427	CCACCACCACCATCACCACCACCATCACGATGACTGCTACCACCACC...	804	1/1	PASS	MIR4435-2HG
chr2	113464518	100	ACGGCCGGGCGCGGTGGCTCACGCCTGTAATCCCAGCACTTTGGGAG...	296	0/1	MaxMQ0Frac	CBWD2
chr2	114633158	329	AGGCCGGGCGCGGTGGCTCACACCTGTAATCCCAGCACTTTGGGAGG...	545	1/1	PASS	DPP10
chr2	115076289	289	GAGATCCTTTTTCTTTCTTTTTTTTTTTTTTCCGAGACGGAGTCTCG...	506	0/1	PASS	DPP10
chr2	115619091	121	GTCTCTCAATTTTTCTTTTTTTTTTTTTTTTTTTTTTTGTTCTTGAG...	189	1/1	PASS	DPP10
chr2	120881779	136	GGGGGAAGGACAGTGGAGGGAGGGCAGGTGGGGGGAGGACAGTGGGG...	296	1/1	PASS	GLI2
chr2	124294179	206	TTGTTCCTTTACTTTCCTGACAAAATATTTGTTGTAAGCACTAATTA...	867	1/1	PASS	CNTNAP5
chr2	135415133	156	AAAAAAAACCCTTCAAGCTCTCCCGTCTCCCTCTCCCTCTCCCGTCT...	494	0/1	PASS	ZRANB3
chr2	137419377	214	TTTTTTTTTTTTTTTTTTTTTTTTTTTGGGACGGAGTCTCGCTTGAG...	359	0/1	PASS	THSD7B
chr2	137462776	371	AAAAATGGCTCAGAAGCGGCCGGGCGCGGTGGCTCACGCCTGTAATC...	640	0/1	PASS	THSD7B
chr2	140776486	314	TTCTTTTTTTTTTTTTTTTTTTTTTTGAGACGGAGTCTCGCTCTGTC...	452	0/1	PASS	LRP1B
chr2	143253209	333	AAAAAGTTTGATGGAGAGGGGAGGAGCCAAGATGGCCGAATAGGAAC...	463	0/1	PASS	ARHGAP15
chr2	147892494	351	AACTTTTTTTTTTTTTTTTTTTTTTTTTTTTTTTTTAAAAACCCCAA...	296	0/1	PASS	ACVR2A
chr2	152391751	352	TAATAATAATGTTGCGGCCGGGCGCGGTGGCTCACGCCTGTAATCCC...	194	0/1	PASS	FMNL2
chr2	153896068	387	GGATGATTTTATATATATATATATATATTTTTTTTTTTTTTTTTTTT...	723	1/1	PASS	GALNT13
chr2	158332476	143	TATGTGTCTTGGAGTTGCTCTTCTCAAGGAGTATCTTTGTGGCATTC...	113	0/1	PASS	CCDC148
chr2	171714263	191	AAGAAATTGAAAAATTGTGAGGGCCCCCATTTTGGAACAGTAATTTT...	131	0/1	PASS	DYNC1I2
chr2	171976066	192	AGCTGGGACTATAGGCAGGGGCCACTGCACCCAGCTCATTTTTGTAT...	556	1/1	PASS	HAT1
chr2	177486726	47	ACCTCCCAAAGTGCTGGGATTACAGGCGTGAGCCACCGCGCCCGGCC	122	0/1	PASS	AGPS
chr2	177811517	233	AGTCACTCCAATTTTTTTTTTCTTTTTTTTTTATTATACTTTAAGTT...	828	0/1	PASS	PDE11A
chr2	189094695	282	AAGAAACATACCAGGCCGGGCGCGGTGGCTCACGCCTGTAATCCCAG...	475	0/1	PASS	COL5A2
chr2	191975327	281	GGCCGGGCGCGGTGGCTCACGCCTGTAGTCCCAGCACTTTGGGAGGC...	562	0/1	PASS	TMEFF2
chr2	192117953	410	AAATCGGTGCTTTTCTTTTTTTTTTTTTTTTTTTTTTTTTTTTTTGG...	314	0/1	PASS	TMEFF2
chr2	201766722	330	AAAATGTGGCACATAGGCCGGGTGCGGTGGCTCACGCCTGTAATCCC...	958	1/1	PASS	ALS2
chr2	206225736	435	CTGGGCCATTAGAAGGACGAGTTTTTTAATCTGAGTTGCTCTTGCAC...	999	1/1	PASS	GPR1-AS
chr2	207607677	365	ATCATACATACATTTTTTTTTTTTTTTTTTTTTTTTTTTTTTTTTGG...	607	1/1	PASS	METTL21A
chr2	207667867	318	GCCTCCCAAAGTGCTGGGATTACAGGAGTGAGCCACCACGCCCGGCC...	999	1/1	PASS	LINC01857
chr2	213306364	194	ATATTTATTAGGTTTTGTTTACTCTTACTTTGCTAGTTCTTTAAAAT...	848	1/1	PASS	SPAG16
chr2	214336907	373	AAAGACTAAGGCCGGGCGCGGTGGCTCACGCCTGTAATCCCAGCACT...	323	0/1	PASS	SPAG16
chr2	217457412	198	TGTGTGTGTGTGTGTGTGTGTGTGTGTGTGTGTGTGTGTTTGTGTGC...	679	0/1	SampleFT	DIRC3
chr2	217805612	352	ACCACACACACCACCACACCACACACATACACACCACACACACTACC...	999	1/1	PASS	TNS1
chr2	218082955	593	TGTGTGTTGTGTATATGTTGTGTTGCGTTTTGTGTTGTATTGCATGT...	999	1/1	PASS	RUFY4
chr2	227328676	352	GGGACAAAAGTGGCTCTCAATCCAGCACATGCACATTGAAGCAAGTT...	135	0/1	PASS	MFF
chr2	230499512	171	TATATATAGATAGATATATATTTTTATATATATATTTATATAAATAT...	595	0/1	PASS	SP100
chr2	231005545	266	ATCACCACCACCACCATCACCATCATCATCACCATCATCACCACCAC...	413	1/1	PASS	SPATA3
chr2	233176491	217	AATAGATGGATGGAGGGACGGATGGATGAATGGGTAGGTGGGTGGGC...	884	1/1	PASS	INPP5D
chr2	239921296	373	GAGTGTTATAGCTCTTTTTTTTTTTTTTTTTTTTTTTTTTTTTTTTT...	343	0/1	PASS	NDUFA10
chr2	240527763	215	GGTAGGTGTGTGGGTGGATGGCTGGATGAATGGATGGGTGGGTGGGT...	967	1/1	PASS	ANKMY1
chr2	241694892	313	GCCTGTAGTCCCACCTACTCAGGAGGGTGAGGCAGGAGAATCACTTG...	847	1/1	PASS	ING5
chr2	241716476	373	TAGAGACAGGTTTTTTTTTTTTTTTTTTTTTTTTTTTTTTTTTCGAC...	183	0/1	PASS	ING5
chr2	241887913	217	GGGGGTGGCGGGGCCTCTGAGGGGCATGTCGGGGGGCTCTGAGGCGC...	447	1/1	PASS	LINC01237
chr2	242130592	129	TATATATAATAGATATATATTATATATATAATAGATATATAATATTA...	138	0/1	PASS	LINC01881
chr3	2129413	361	AGAAAGTTGTTTTCTTTTTTTTTTTTTTTTTTTTTTTTTTTTTTTTT...	712	1/1	PASS	CNTN4
chr3	2263833	222	ATTCCTCCAAAGGAATAAATTACATTCCTTTGGAGGGTCCTGAGAGG...	446	0/1	PASS	CNTN4
chr3	2340705	155	GAGAGAGAGAGAGAGAGAGAGAGAGAGGGGGAGAGAGAGAGAGAGAG...	122	1/1	PASS	CNTN4
chr3	2920320	315	TGGCCGGGCGCGGTGGCTCACGCCTGTAATCCCAGCACTTTGGGAGG...	344	0/1	PASS	CNTN4
chr3	10365830	621	ATGTGCACAGTAGGTGGTGTACACGTGTTGTGTGTTTGATGTGTGTG...	999	1/1	PASS	ATP2B2
chr3	11162494	193	GGCCGGGTGCGGTGGCTCACGCCTGTAATCCCAGCACTTTGGGAGGC...	365	0/1	PASS	HRH1
chr3	16929064	396	AAAAGAACGCCACAGGAGAGGCTTGAGAAGTTTAAATGCTGAGGGTA...	918	1/1	PASS	PLCL2
chr3	17368015	261	TTTAATTGCGGATTTAATTTTATTTAACCTAAAATACAGGTAGTAAA...	804	0/1	PASS	TBC1D5
chr3	21536026	167	AATAAATATTCCCCTATGGCGTGAACCCGGGAGGCGGAGCTTGCAGT...	568	0/1	PASS	ZNF385D
chr3	29508877	117	GTAGAGACGGGGTTTCACCTTGTTAGCCAGGATGGTCTCGATCTCCT...	398	0/1	PASS	RBMS3
chr3	37708652	227	ACAATGCACAGGACAGCTCCCCACACAACAAGGAATTATCCAACAAT...	999	1/1	PASS	ITGA9
chr3	38584574	229	AGAATGAGTAAATAATGGAGGGGAGGAGCCAAGATGGCCGAATAGGA...	367	0/1	PASS	SCN5A
chr3	44298800	380	AAAAAATAGGGGCCGGGCGCGGTGGCTCACGCCTGTAATCCCAGCAC...	628	0/1	PASS	TOPAZ1
chr3	47431267	245	ACTTAATATTCAAGAGAGAAATGGACATGGAAACACTGGTATCTTGA...	999	1/1	PASS	SCAP
chr3	50025592	306	TTTTTTTTTTTTTTTTTTTTTTTTGGGAAGTTTTTTTTTTTTTTTTT...	328	1/1	PASS	RBM6
chr3	50841728	189	TATTGTTACCTTTTCTTTTTCTTTTTTTTTTTTTTTTTTTTTTTTTT...	136	0/1	PASS	DOCK3
chr3	51596086	247	CCCAGCTAATTTTTAAAATTTTTTAAAAATTATTATTTTATTTTATT...	999	1/1	PASS	RAD54L2
chr3	51709719	157	CACACCCACACACCCCCCCACACACACCCCACGCACCCCCCCCACAC...	591	1/1	PASS	GRM2
chr3	55539415	129	TTTTTTTTTTTTTTTTTTTTTTTTTTTTTTTTTTTTTTTTTGTGGGG...	159	0/1	PASS	ERC2
chr3	55754539	629	AAATATGAATTTAGGAAGGGAGGAGCCAAGATGGCCGAATAGGAACA...	999	1/1	PASS	ERC2
chr3	58786706	201	AAGATATGCCAAAGAGCGACCCCTCTCCAAGAGGGATCACTCACAGG...	228	0/1	PASS	CFAP20DC
chr3	62281538	171	TTTTTTTTTTTTTTTTTTTTTTTTTTTTTTTTTTTTTTTTTTTTTTT...	164	1/1	PASS	PTPRG
chr3	65855620	168	GAGAGGGGAGGGGACGGGGGAGGAGAGAGGGGAGGGGACAGGGAAGG...	370	1/1	PASS	MAGI1
chr3	66285499	165	CCCCATGAACTGCAGTATGATACCCTCATACTCATTTTGGCAGATAT...	374	0/1	PASS	SLC25A26
chr3	85527418	324	AGGGAGGAGCCAAGATGGCCGAATAGGAACAGCTCCGGTCTACAGCT...	349	0/1	PASS	CADM2
chr3	85548222	195	TCATAACTGATTCATTATTTTGATAGAAGGTATTGGATGTAGAGGGA...	255	0/1	PASS	CADM2
chr3	114184642	126	CTGGACTACAGGCGCCCGCCACTACGCCCGGCTAATTTTTTGTATTT...	210	0/1	PASS	DRD3
chr3	114646091	315	GGCCGGGCGCGGTGGCTCACGCCTGTAATCCCAGCACTTTGGGAGGC...	294	0/1	PASS	ZBTB20
chr3	120600105	315	AAGGGGTTTTTTTTTTTTTTTTTTTTTTTTTTTTGAGACGGAGTCTC...	556	1/1	PASS	NDUFB4
chr3	125089785	224	TCAAGCAATTCTCCTGCCTCAGCCTCCCGAGTAGCTGGGATTACAGG...	999	1/1	PASS	SLC12A8
chr3	126539875	205	CACACCCCAAACCACACATGGACCCTCCACACACCACACACACACCA...	999	1/1	PASS	C3orf22
chr3	130090881	93	GGCCGGGCACGGTGGCTCACGCCTATAATCCCAGCACTTTGGGAGGC...	228	0/1	PASS	ALG1L2
chr3	131969012	154	ATACTATGCAGCCATAAAAAAGGAATGAATTAATAGCATTTGCAGTG...	172	0/1	PASS	CPNE4
chr3	133129949	310	TGTTAACAAAATTTACTCAATTACCGTATCCACCTTTCATTTTAGGC...	999	1/1	PASS	TMEM108
chr3	143402916	147	TTTTGTTATTTTCTTTTTTTTTTTTTTTTTTTTACTCCCACAACCCA...	63	0/1	MinQUAL	SLC9A9
chr3	147495913	122	AAAAAAAAAAAAAAAAAAAAAAAAGAAAAAACCCAGCAGGGAGAAGT...	40	1/1	MinQUAL;SampleFT	LOC440982
chr3	151430755	160	CCCGAAGATCTTTTTTTTTTTTTTTTTTTTTTTTTTTTCCCTAGTGA...	328	0/1	PASS	MED12L
chr3	153444921	177	CCTGTAATCCCAGCACTTTGGGAGGCTGAGGCGGGCAGATCATGAGG...	437	1/1	PASS	LINC02006
chr3	154180619	236	CATTTTTAAAAAGTTGATGAGAAAGTGTTTACCTGTGATTCTGAGCA...	999	1/1	PASS	ARHGEF26
chr3	169989288	377	CCAGGCTGGTCTGAAACTCCTGACTTCAAGTGATCCTCCAGCATTGG...	815	1/1	PASS	SEC62
chr3	170081258	402	AAGACCAATGGGCCGGGCGCGGTGGCTCACGCCTGTAATCCCAGCAC...	308	0/1	PASS	GPR160
chr3	173539649	238	GTATATATGTACATATATAACATATATGTATATATGTACATATATAA...	557	1/1	PASS	NLGN1
chr3	175382586	164	ATTTTAAAAGTTATATTTTAAGGCTAGCAGTCTGAAGTGAATAGAAC...	275	0/1	PASS	NAALADL2
chr3	183314934	450	GAGACAGAATTTCACTCTTGTTGCCCAGGCTGGAGTACAATGGTACG...	657	0/1	PASS	MCF2L2
chr3	183661079	197	TTAAAAAAAGCCCTAAGGCTTATGGCTGGTATAAGTGTCTAATGGGG...	461	1/1	PASS	KLHL24
chr3	184842186	128	AAAAAAAAAAAAAAAAAAAAAAAAAAAAAAAAAAAAAAAAAAAAAAA...	42	0/1	MinQUAL	VPS8
chr3	188180810	125	GGCGTGAACCCGGGAGGCGGAGCTTGCAGTGAGCCGAGATCGCGCCA...	354	0/1	PASS	LPP
chr3	188516629	265	AGAAATCCACTTAGACTCATTTGGGTATATACCCAGTAATGGGATGG...	482	0/1	PASS	LPP
chr3	191281661	264	TGTACTCTATTTTCTTTTCTTTTTTTTTTTTTTTTTTTTTTTTTGAG...	457	0/1	PASS	UTS2B
chr3	193362775	130	TCTTTCTTTCTTTCTCTCTTTCTTTCTCTCTTTCTTTCTCTCTTTCT...	542	1/1	PASS	ATP13A5
chr3	193541248	138	AAAAAAAAAAAAAAAAAAAAAAAAAAAAAAAAAAAAAAAAAAAAAAA...	22	0/1	MinQUAL	ATP13A4
chr3	195308328	122	AAAGAAATAAAAGTCCCTCTCCCTCTCCCTCTCCCTCTCCCTCTCCC...	97	0/1	PASS	ACAP2
chr4	2299660	277	GGAAAGGAAGGGAGGGGAGGGAGGGAGGGAGAAAAGGGAAGTGAGAG...	999	1/1	PASS	ZFYVE28
chr4	5666267	565	TTTTTATTTTTTTTTTTTTCTTTTCTTTTTTTTTTTTTTTATTATAC...	817	0/1	PASS	EVC2
chr4	7724931	266	GTAGTGGTGATGGTGGTGGTGTTGGTGATGGTGGTGATAGTGTTGGT...	137	0/1	PASS	SORCS2
chr4	17580184	172	TGTGTATATATATATATATATATATATATATATATATATATACACAT...	465	1/1	PASS	LAP3
chr4	20514719	128	TACCTAATGTTTTTTTTTTTTTTTTTTTTTTTTTTTTTTTGGATGGT...	370	0/1	PASS	SLIT2
chr4	21532949	342	AAAAGCTAATTAATTAAGCACTTTGGGAGGCCGAGGCGGGTGGATCA...	999	1/1	PASS	KCNIP4
chr4	26215356	217	AGGAAGGAAGGAAGGAAGAAGGGAGGGAGGGAGAGAGGAAGGAAGGA...	180	1/1	PASS	RBPJ
chr4	26484866	81	GACGGGGTTTCACCGTTTTAGCCGGGATGGTCTCGATCTCCTGACCT...	156	0/1	PASS	CCKAR
chr4	30890443	407	TTAAAAGATGGAATTGCGGCCGGGCGCGGTGGCTCACGCCTGTAATC...	396	0/1	PASS	PCDH7
chr4	36323570	235	GCCTGCGGACTGCAGTGGCGCAATCTCGGCTCACTGCAAGCTCCGCT...	392	1/1	PASS	DTHD1
chr4	37950491	463	TTTTTTTTTTTTTTTTTATTATACTCTAAGTTTTAGGGTACATGTGC...	648	0/1	PASS	TBC1D1
chr4	44417614	184	AAATAAACCAGAAACAAGCCTCCTTGCTTGCAAGAATCTGGTGGCAT...	147	0/1	PASS	KCTD8
chr4	62117586	342	TGGCCGGGCGCGGTGGCTCACGCCTGTAATCCCAGCACTTTGGGAGG...	361	0/1	PASS	ADGRL3-AS1
chr4	65002765	138	TCATTTATTGGAACTTAATCCCCAATGCAACTATATTGAGAGATGGG...	394	1/1	PASS	LINC02232
chr4	65548212	131	AAAAAACCAAACACCGCATATTCTCACTCATAGGTGGGAATTGAACA...	470	0/1	PASS	EPHA5
chr4	68079051	425	AAAAAATGGCGGGCCGGGCGCGGTGGCTCACGCCTGTAATCCCAGCA...	488	0/1	PASS	TMPRSS11F
chr4	78401812	386	AAGAAACCTGAAGCTGGCCGGGCGCGGTGGCTCACGCCTGTAATCCC...	860	0/1	PASS	FRAS1
chr4	88171507	213	AAATCTTGGGGTTTCACAAACGGAAATTACGAGGTATAGGAAAGCGT...	862	0/1	PASS	ABCG2
chr4	91012439	254	AGGAATCATTTTTGCAAGAGGAAGTATGCAATTTCAACTCAGTCCTG...	43	0/1	MinQUAL	CCSER1
chr4	91014948	235	CAGGACAAAGCTGTGTCTGGGTGGGGAGGGTGGGTGAAGTACCTCTA...	516	0/1	PASS	CCSER1
chr4	101164091	568	CGCACCTCAGCCTCCTGACCAGCTGGGATTACAGACATTCACCACAG...	999	0/1	PASS	PPP3CA
chr4	109079795	307	AAGAGTTCAAGCGGCCGGGCGCGGTGGCTCACGCCTGTAATCCCAGC...	352	0/1	PASS	COL25A1
chr4	110083967	343	ATATAACATATGCTATATATCATATATATCATATATAACATATGTTA...	730	1/1	PASS	ELOVL6
chr4	113149874	140	AAAAAAAAAAAAAAAAAAAAAAAAAAAAAAAAAAAAAAAAAAAAAAA...	118	0/1	PASS	ANK2
chr4	113501291	84	GGTCTCGATCTCCTGACCTCGTGATCCGCCCGCCTCGGCCTCCCAAA...	295	0/1	PASS	CAMK2D
chr4	114628774	325	TGGCCGGGCGCGGTGGCTCACGCCTGTAATCCCAGCACTTTGGGAGG...	645	1/1	PASS	UGT8
chr4	117844099	549	AAAAACTTACAAGGGATGTGAAGGACCTCTTCAAGGAGAACTACAAA...	957	0/1	PASS	LINC02264
chr4	128037836	163	GACTACAGGCGCCCGCCACTACGCCAGGCTAATTTTTTGTATTTTTA...	322	0/1	PASS	ABHD18
chr4	134511734	237	CATCTTCTACTCAATTTTGCCCAGGCTGCAGGCTGGATTCCTTCTAC...	999	1/1	PASS	LINC02462
chr4	139726624	128	AAAAAAGGCTAATCTTTTTTTTTTTTTTTTTTCTCTGATGGCCAGTG...	299	0/1	PASS	MAML3
chr4	146304129	587	AAGAAGTTAAAATAGGGGGAGGAGCCAAGATGGCCGAATAGGAACAG...	999	1/1	PASS	SLC10A7
chr4	147837650	143	TTTTTTTTTTTTTTTTTGTTTTTTTTTTTTCAAACCGTAGCTTTTGA...	41	0/1	MinQUAL	ARHGAP10
chr4	150372750	193	CAGTAAGTTCTTTTTTTTTTTTTTTGCTGGGACTACAGGCGCCTGCC...	169	0/1	PASS	LRBA
chr4	150694462	149	AAAAAAAAAAAAAAAAAAAAAAAAAAAAAAAAAAAAAAAAAAAAAAA...	349	1/1	PASS	LRBA
chr4	153267095	224	GAAAAGAATGTTTTCTTTTTTTTTTTTTTTTTTTTTTTTTTTTTTTT...	196	0/1	PASS	TRIM2
chr4	155349247	483	ATTGTGACTAAGGCTTGGCAGAAGGCAGGAGACAAGAAACGGAAGAG...	999	1/1	PASS	MAP9
chr4	156847740	464	AATCTAAAGTTATTCCAAATCTTAAAGTTTAAGTTAAAACGAAGAAT...	739	0/1	PASS	PDGFC
chr4	163836594	246	AAAAGATGCCTCCTAACGGTGAAACCCCGTCTCTACTAAAAATACAA...	161	1/1	PASS	MARCHF1
chr4	165461187	121	AAAAAAAAAAAAAAAAAAAAAAAAAAAAAAAAAAAAAAAAAAAAAAA...	223	1/1	PASS	CPE
chr4	174320514	230	AGGATATAAAGAAGGTGAAGTAGAGGTAGTGTGAAACATTAAACTAC...	999	1/1	PASS	CEP44
chr4	177822614	269	TCCCAGCTACTCAGGAGGCTGAGGCAGGAGAATCGCTTGAAGCCGGG...	55	0/1	MinQUAL	LINC01098
chr4	177868588	341	AAAGTTTAGTCACGCCTGTAATCCCAGCACTTTGGGAGGCCGAGGCG...	200	0/1	PASS	LINC01098
chr4	187452643	332	CTCATCTGCACCTTATCTTTTTTCTTATAGTACTTATCACCTTCTAG...	999	1/1	PASS	LOC339975
chr4	188504119	122	GAAGAGAGAGGGTTGTAGATTACCTGATGTCCAAATAGGCGGTAATG...	520	1/1	PASS	LINC01060
chr5	424111	261	CTGAGCTCTGTGTACCCTGTGATGGTGTGGGGGTGTTAACCCATGTG...	28	0/1	MinQUAL	AHRR
chr5	721255	153	AAAGATTTTTTAAGGCCGCGCCGGCGAGCGCCGCCCGGGAGGCAGCG...	331	0/1	PASS	ZDHHC11B
chr5	1585387	416	AAGAGACCCTCTCTAGGCCGGGCGCGGTGGCTCACGCCTGTAATCCC...	504	0/1	PASS	SDHAP3
chr5	7845926	432	GACACTCGCATTTTTTTTTTTTTTTTTTTTTTGAGATGAAATAAGTG...	310	0/1	PASS	C5orf49
chr5	12685830	163	ACATTAGAATTTAAAGCAGTAGACTGAGTAAAGAAGATAACCCCAAC...	385	0/1	PASS	LINC01194
chr5	13827485	272	CAGGAGCCAGCATATAGCTCAGGCCATTGCTTCAAAGGGTGCAAGCC...	545	0/1	PASS	DNAH5
chr5	24574743	208	TGCTAAGGCAAAAAGCAGATGCATAAAACATGATACTCTATATCATG...	931	1/1	PASS	CDH10
chr5	29069210	255	TCATGAGGTTTCTGCCCCTGCAGCTAATTTCTGGCTTGATATCCAGG...	392	1/1	PASS	LOC101929645
chr5	29069520	238	AATCTCTGCTAGGGCAGTGCAGAAGGAAAATGTAGGGTCAGAGTCCC...	999	1/1	PASS	LOC101929645
chr5	31906170	324	GCCACCACGCCTGGCTAATTTTTTTTTTTTTGTATTTTTAGTAGAGA...	742	0/1	PASS	PDZD2
chr5	32762456	263	AGGTCGGACTGCGGACTGCAGTGGCGCAATCTCGGCTCACTGCAAGC...	105	0/1	PASS	NPR3
chr5	33633229	697	GAAAAGTCTTCTTTTTTTTTTTTTCTTTTTTTTATTTATTTATTTAT...	999	1/1	PASS	ADAMTS12
chr5	33797438	272	AAAATAAAACTCTTTTTTTTTTTTTTTTTTTTTTTTTTTTTGTTTTC...	335	0/1	PASS	ADAMTS12
chr5	39292867	337	GTAAAAAATATATATATTTTTTTTTTTTTTTTTTTTTTTTTTTTTTT...	469	0/1	PASS	C9
chr5	41057563	123	TTTTTTTTTTTTTTTTTTTTTTTTTTTTTTTTTTTTTTTGGGGGGGG...	330	1/1	PASS	MROH2B
chr5	43541207	214	TCCGCCTCCCGGGTTCACCCCATTCTCCTGCCTCAGCCTCCCGAGTA...	860	1/1	PASS	PAIP1
chr5	55433460	165	TACAGGCGCCCGCCACCGCGCCCGGCTAATTTTTTTTGTATTTTTAG...	570	0/1	PASS	PLPP1
chr5	56216028	318	AACACTTTTTTTTTTTTTTTTTTTTTTTTTTTTTTTTGAGACGGAGT...	406	0/1	PASS	ANKRD55
chr5	62339523	345	CTGTATTTCCTTTTTTTTTTTTTTTTTTTTTTTTGTATTTCCTTTTT...	262	0/1	PASS	KIF2A
chr5	69204073	218	TTCTATATATATTATATATAGAATATATATATATAGAATATATATAT...	626	1/1	PASS	CENPH
chr5	69222008	240	GTACAAAAATTAGCTGGGCGTGGTGGCAGGTGCCTATAATCCCAGCT...	999	1/1	PASS	MRPS36
chr5	72117121	343	AAAAGGGGGTTTTTTTTTTTTTTTTTTTTTTTTTTTTTTTTTTTTTT...	219	0/1	PASS	MAP1B
chr5	75128422	170	GCAATATCTTTGTTAAGTTCTTGATATTAGGGGAAAAAACTCCACCT...	396	0/1	PASS	ANKRD31
chr5	76578882	57	GCCGGCCGGGCGCGGTGGCTCACGCCTGTAATCCCAGCACTTTGGGA...	132	0/1	PASS	IQGAP2
chr5	77420370	368	AAAACCTACTCATGGCCGGGCGCGGTGGCTCACGCCTGTAATCCCAG...	450	0/1	PASS	PDE8B
chr5	79130726	183	AGGAATCATGGTGAAGCCGCTCTCCCTCTCCCTCTCCCTCTCCCTCT...	100	1/1	PASS	BHMT
chr5	88603677	152	AAAAAAAAAAAAAAAAAAAAAAAAAAAAAAAAAAAAAAAAAAAAAAA...	45	1/1	MinQUAL;SampleFT	LINC00461
chr5	96516062	133	CTCTCTTAAGAGGATATACCAAGTGGCCCAACAGCTCAGGCTGGGTC...	264	0/1	PASS	LOC101929710
chr5	106845192	328	GGGTTTTTTTTTTTTTTTTTTTTTTTTTTTTTTTTTTTTTTTTTTTG...	999	1/1	PASS	LINC01950
chr5	108373434	167	ATATGTATATATGAGAATTATATATATAAATAAAATATAGTAAATAA...	47	0/1	MinQUAL	FBXL17
chr5	110750213	247	AGAAAGGTCTGTAGTCCCAGCTACTCGGGAGGCTGAGGCAGGAGAAT...	309	0/1	PASS	SLC25A46
chr5	113333846	160	ATATGTACATATATGTATATATGTATATATGTATATATGTACATATA...	124	1/1	PASS	MCC
chr5	119123748	540	GCCTCCCAAAATGCTGGGACATTACCAGCATGAGCCACCATGCCCAA...	999	1/1	PASS	DMXL1
chr5	119173672	137	TGTGTGTGTGTGTGTGTGTGTGTGTATATATATGTGTGTGTGTATAT...	160	1/1	PASS	DMXL1
chr5	119352798	337	AATAAACCTTCCTGCCCGTCTCCCTCTCCCGTCTCCCTCTCCCTCTC...	569	0/1	PASS	TNFAIP8
chr5	131517548	379	AAAAAATCTCTCAAATGGGCCGGGCGCGGTGGCTCACGCCTGTAATC...	236	0/1	PASS	RAPGEF6
chr5	135778779	235	CTAATATTCAGGGGTGGAGAGGATGATATTAGTCCCAATATTACAGG...	999	1/1	PASS	SLC25A48
chr5	137679085	397	GATAGTACTATTTTTTTTTTTTTTTTTTTTTGCGTAGGACCCTCCGA...	221	0/1	PASS	KLHL3
chr5	142379077	297	AATCCCCATTTTTTTTTTTTTTTTTGAGACGGAGTCTCGCTCTGTCG...	407	0/1	PASS	SPRY4-AS1
chr5	142989945	186	CCCTCAGCCTCCCGAGTAGCTGGGACTACAGGCGCCCGCCACCGCGC...	233	0/1	PASS	ARHGAP26
chr5	169051415	265	TCGCCCAGGTCGGACTGCGGACTGTAGTGGCGCAATCTCGGCTCACT...	112	0/1	PASS	SLIT3
chr5	176306387	202	CCTCCTCTCCCTTTCTCCTTCTCTCTCTCCCTCTGTTCTGGGCCACC...	999	1/1	PASS	SIMC1
chr5	177635731	630	TCCCATTCTGTAGGTTGCCTGTTAACTCTGATGGTAGTTTCTTTTGA...	999	1/1	PASS	LOC202181
chr5	178048132	154	TTCAACGTGCAGCTCTTCTCCAGGAAGCTATGCATGTTCAACGTGCA...	235	0/1	PASS	FAM153CP
chr5	180134844	253	CATCCACCCACCCACCCATCCACCTTCCCCTCCATCTACTCACCCAT...	999	1/1	PASS	RASGEF1C
chr6	2376246	645	AAACATATAACTAACACACCACACAACACACACAAGCCTAATGCACC...	999	1/1	PASS	GMDS-DT
chr6	2773769	377	AAAGAATCAATTATAATCCCAGCACTTTGGGAGGCCGAGGCGGGCGG...	592	1/1	PASS	WRNIP1
chr6	11051520	353	AAAAATGCAACCATTTGGCCGGGCGCGGTGGCTCACGCCTGTAATCC...	312	0/1	PASS	ELOVL2-AS1
chr6	13128170	237	TGACACTATTTCTAATGAATCGTATGGAAGTTGGCTGTAGAAGTAAA...	556	0/1	PASS	PHACTR1
chr6	17874942	165	GGACTACAGGCGCCCGCCACTACGCCCGGCTAATTTTTTGTATTTTT...	240	0/1	PASS	KIF13A
chr6	19136862	361	CTGTTTCTGTTTCTTTTTTTTTTTTTTTTTTTTTTGAGACGGAGTCT...	227	0/1	PASS	LOC101928519
chr6	24683759	138	TCTAATTAGCCTTTCTTTTTTTTTTTTTTTTTTTTTTTTCATCTTGA...	924	1/1	PASS	ACOT13
chr6	26994392	95	TTTTTTTTTTTTTTTTTGAGACGGAGTCTCGCTCTGTCGCCCAGGCT...	204	0/1	PASS	LINC00240
chr6	29731769	225	AATGTATGTTCTTTTTTTTTTTTTTTTTTTTTTCCGCAGGCACTCGG...	451	0/1	PASS	HLA-F-AS1
chr6	30786923	343	AAAAAAGAAAAGGAGGCCGGGCGCGGTGGCTCACGCCTGTAATCCCA...	491	0/1	PASS	HCG20
chr6	34071577	448	ACACACATCACCACACAGATACAGACCACACACACACACATCACCAC...	999	1/1	PASS	GRM4
chr6	37507928	230	GGGTAGGTGGTGGTGATGGTAGGTGGTGGTGGGGGGGTAGGTGGTGG...	570	1/1	PASS	LINC02520
chr6	39845369	639	ACCCCATCTACACACACATCACACATATACCACGTGTATACACCAGA...	999	1/1	PASS	DAAM2
chr6	40904717	123	AGAGAGAGAAGGGAAGGGAAGGGAAGGGAAGGGAAGGGAAGGGAAGG...	650	1/1	PASS	LOC101929555
chr6	43927737	343	CCAGACAATCTTTTTTTTTTTTTTTTTTTTTTTTTTTTTTTTTTTTT...	688	1/1	PASS	LINC01512
chr6	44044815	370	ACACATTCACACACATCCATATACACCTTCACTCACACCCCCCACAC...	999	0/1	MaxDepth	LOC101929705
chr6	44146439	120	GAGATGTGGGTTTTTTTTTTTTTTTTTTTTTTTTTTTGGGCGGCTGG...	155	0/1	PASS	TMEM63B
chr6	52064864	281	AAAGAATTCAGGCTGGGCGCGGTGGCTCACGCCTGTAATCCCAGCAC...	255	0/1	PASS	PKHD1
chr6	52672314	158	AAGAGAAGATCGCAGGCCGGGCGCGGTGGCTCACGCCTGTAATCCCA...	303	0/1	PASS	TMEM14A
chr6	63674286	163	TATGTGTGTGTATATATATACACACACATATATGTGTAATATATGTG...	563	1/1	PASS	PHF3
chr6	64126331	234	AAGAAAATGTGGCACATAGCCGGGCGCGGTGGCGGGCGCCTGTAGTC...	732	1/1	PASS	EYS
chr6	65454073	354	CTATTTTTCATTTTTTTTTTTTTTTTTTTGAGACGGAGTCTCGCTCT...	407	0/1	PASS	EYS
chr6	68833561	225	AGTATTCTTTTTTTTTTTTTTTTTTTTTTTTTTTTTTTTTTTTTTTT...	544	1/1	PASS	ADGRB3
chr6	69920974	216	TATATTCATATATATATTCATATGTATATTCATATATATGATATATA...	999	1/1	PASS	COL19A1
chr6	73506914	177	CTGACCTCAGGTGATCCACCTGCCTCGGCCTCCCAAAGTGCTGGGAT...	999	1/1	PASS	MTO1
chr6	73795132	325	CCGGGCGTGGTGGCTCACGCCTGTAATCCCAGCACTTTGGGAGGCCG...	737	0/1	PASS	CD109
chr6	75927807	250	AAAAATGTTCATTTCATGAATGAAATGAAGCGAGAAGGGAAGTTTAG...	432	1/1	PASS	IMPG1
chr6	82934930	121	TATATATATGTATATATATATACGTATATATTATATACGTATATATA...	221	1/1	PASS	UBE3D
chr6	89213914	339	ATGAAAGCTTTTAAAAGTAAAATTACAAAGAAATTTTATTTCATTCT...	947	0/1	PASS	GABRR1
chr6	89214230	208	AGTTATGAAAGACACATATAACTATTATTTAAATTTACCAAAAAAAG...	298	0/1	PASS	GABRR1
chr6	89872387	161	GGCACAGTGGCGGGTGCCTGTAGTCCCAGCTACTCAGGAGGCTGAGG...	439	1/1	PASS	CASP8AP2
chr6	96061286	358	CCTCTCAAGATACTTCTTTTTTTTTTTTTTTTTTTTTTTTTTTTCTT...	457	1/1	PASS	FUT9
chr6	97238855	442	GCTGGAGTGCAGTGGCGCGATCTCGGCTCACTGCAAGCTCCGCCTCC...	999	1/1	PASS	MMS22L
chr6	105286881	121	CAACAGGGCAGGCTTAATAAATGCTTGTTGCCCAAATGAACAAAGAC...	727	1/1	PASS	PREP
chr6	106251648	131	GAGGGAGGGAGGGAGGGAGGGAGGCGGAGAGAGGGGAGAGAGGGAGA...	348	1/1	PASS	ATG5
chr6	110627221	143	AAAAATACTTTTCAGGCCGGGCGCGGTGGCTCACGCCTGTAATCCCA...	285	0/1	PASS	CDK19
chr6	110786650	376	AGAAATGTGTTGGCCGGGCGCGGTGGCTCACGCCTGTAATCCCAGCA...	147	0/1	PASS	CDK19
chr6	114227247	52	GGCCGGGCGCGGTGGCTCACGCCTGTAATCCCAGCACTTTGGGAGGC...	92	0/1	PASS	HDAC2-AS2
chr6	122658847	363	CATTTGACAAATTTTTTTTTTTTTTTTTTTTTTTTTTTTTTGATTTG...	261	0/1	PASS	PKIB
chr6	128005705	262	AAGACATGTCCCATTCTTCATTCTCTGTGCTATTATTAAGTAAAAAT...	999	1/1	PASS	PTPRK
chr6	129385145	190	GAAAAAGGAAGGAAGGAAGGAGGGTAAGGGAGGGAGGGGGAAGGAAG...	328	1/1	PASS	LAMA2
chr6	148515250	177	AAGACTATGCTTTTTTTTTTTTTTTTTTTTTTTTTTTTTTGCTAATT...	517	0/1	PASS	SASH1
chr6	155117107	100	TGGTGTTAGCCAGGATGGTCTCGATCTCCTGACCTCGTGATCCGCCC...	279	0/1	PASS	TIAM2
chr6	160062978	397	TCTTTGTTTGGGGACCTAGACTTTCCGAGAAAGTTGTTTGCCAGGCG...	207	0/1	PASS	IGF2R
chr6	160219092	365	CAAGAGCAACAATAGCAGCAGTAACAACAGCAACAGCAGCAGCAACA...	999	1/1	PASS	SLC22A2
chr6	160235495	188	TTTTTGCCTTTCAGCTGTGTCTGCTTAATAGGCCCTAGAAGCTGCAT...	999	1/1	PASS	SLC22A2
chr6	160535205	247	TAATGGTGATGATGGTGGTGGTGATGATAGTGATGGTGATGATGGTG...	999	1/1	PASS	LPA
chr6	161950986	439	AAAGACACGTTTTAGAAAGACACGTGTCTTTTTAGAAAGATCACGGG...	814	1/1	PASS	PRKN
chr6	162011198	238	ATATTATATATAATATAGTATATATTTATAATATATACTATATATAA...	574	1/1	PASS	PRKN
chr6	162947347	135	ATGTGATATATATATCATATATGATCATATATGATATATATATGATC...	438	1/1	PASS	PACRG
chr6	163046354	421	AATCACTTGAAATCTTTTTTTTTTTTTTTTTTTTTTTTTTTTTTTTT...	999	1/1	PASS	PACRG
chr7	902455	253	CTCAAAAAAAAAAAAAAAAAAATGCCTGGGCGTGGTGGTGCGCGCCT...	679	1/1	PASS	ADAP1
chr7	930464	684	CAGGAGTTTGAGACCAGCCTGACCAACATGGTGAAACCCCGTCTCTA...	999	1/1	PASS	ADAP1
chr7	2424371	349	GGCCGGGCGCGGTGGCTCACGCCTGTAATCCCAGCACTTTGGGAGGC...	245	0/1	PASS	CHST12
chr7	2927540	52	CCTCGGCCTCCCAAAGTGCTGGGATTACAGGCGTGAGCCACCGCGCC...	428	0/1	PASS	CARD11
chr7	8332680	217	TCTTTAATATCTTTTGAAAATGCTATATCATTCTCTGTATACAAGTC...	893	1/1	PASS	LOC100505938
chr7	14635300	147	GGGAGCTTAGGCTCTATCCATCCGTTTTATTAACATTAGAACCAAAA...	344	0/1	PASS	DGKB
chr7	27765069	581	CAGTGGTGCAATCTCGGCTGACTGCAACCTCCGCCTCCCGGGTTCAC...	999	1/1	PASS	TAX1BP1
chr7	31657166	574	ATATTATATATATGATATATAATATATATTATATATCATATATAAAT...	999	1/1	PASS	ITPRID1
chr7	32098229	129	AAAAAAAAAAAAAAAAAAAAAAAAAAAAAAAAAAAACCTAAACCCAA...	22	0/1	MinQUAL	PDE1C
chr7	33155705	175	GTAGCTGGGACTACAGGCGCCTGCCACCGCGCCCGGCTAATTTTTTT...	283	0/1	PASS	BBS9
chr7	34047795	158	TTCCTTCCTTCCTTCCTTCCTTCCTTCCTTCCTTCCTTCCTTCCTTC...	870	1/1	PASS	BMPER
chr7	36212542	443	AATGTAGTGGTTCTTTTTTTTTTTTTTTTTTTTTTTTTTTTTGGAAA...	276	0/1	PASS	EEPD1
chr7	36394633	345	AAGAAGAGTAGGCCGGGCGCAGTGGCTCACGCCTGTAATCCCAGCAC...	710	0/1	PASS	ANLN
chr7	39040072	206	ATATATGTATATAATATATATATGTATTATGTGTGTGTGTGTATATA...	999	1/1	PASS	POU6F2
chr7	40839776	276	CAGACTTAGCAGGAGTTATTTGATATTTGTAATTTATGTTTTCTCTA...	999	1/1	PASS	SUGCT
chr7	40840870	201	TGACAAAATAAAAATAGAGAAAACATAAATTACAAATATCAAGAATG...	999	1/1	PASS	SUGCT
chr7	44254776	393	ACCATCATCACCAACCACCATCACCATCACCACCACCATCACCACCA...	999	1/1	PASS	CAMK2B
chr7	47793047	442	AAAAAAAAAACTATTGGCCGGGCGCGGTGGCTCACGCCTGTAATCCC...	268	0/1	PASS	PKD1L1
chr7	64829559	735	TTGACCTCTTCTGCCCTTGTCTTGTTAATATTCGCATGGAATGTCTA...	999	1/1	PASS	ZNF138
chr7	72805248	172	TGAGACGATACCTGAGTCAAATGTGAAGGGTAAGTAAACAGGCCTGG...	329	0/1	PASS	TYW1B
chr7	75058095	204	TACAGTGAGCCGTGATCACACCACTGCACTCCATCCTGGGTGACAGA...	994	1/1	PASS	RCC1L
chr7	75471213	76	TTCACCTTGTTAGCCAGGATGGTCTCGATCTCCTGACCTCATGATCC...	119	0/1	PASS	POM121C
chr7	76414813	348	CTGCCTCAGCCTCCTGAGTAACTGGGATTACAGGCGCCCACCACCAC...	999	1/1	PASS	ZP3
chr7	80793844	358	CGGTCGAGGGGATCTTTTTTTTTTTTTTTTTGGGGGTTTTTTTTTTT...	260	0/1	PASS	SEMA3C
chr7	82801192	310	GTGTTTTTTTTTTTTTTTTTTTTTTTTTTGAGACGGAGTCTCGCTCT...	385	0/1	PASS	PCLO
chr7	84099368	153	TAGTCTTGTTTTTTTTTTTTGAGATGGAGTTTCGTTCATGTAGTAAA...	638	0/1	PASS	SEMA3A
chr7	88855316	192	CTCATTGTGGTTTTTTTTTTTTTTTTGAGACGGAGTCTCGCTCTGTC...	974	1/1	PASS	ZNF804B
chr7	93347521	440	TTTGTTTTTTGGAGACAAGATCGTGCTCCGTCACTCAGGCTGGAGTG...	978	0/1	PASS	VPS50
chr7	93517298	195	GAGAACTTTTTTTTTTTTCTTTTTTTTTTTTTTATTATACTCTAAGT...	611	0/1	PASS	CALCR
chr7	95248186	126	GACTACAGGCGCCCGCCACTACGCCCGGCTAATTTTTTGTATTTGTA...	560	0/1	PASS	PPP1R9A
chr7	99410376	245	CTCAGTTAATTTTTTTTTTTTTTTTTTTTTGTTTTGTTTTTTTTTTT...	999	1/1	PASS	BUD31
chr7	100967966	185	CCTAAATACCCCAGCTCCTAATTCCCCCCTCACCCCGTTGCTCAATT...	767	1/1	PASS	MUC3A
chr7	102932560	540	TGATTTTTTTTTAGGTCAGACTTACATAAAATTTATAATGAATTATA...	999	1/1	PASS	FBXL13
chr7	104833044	193	ATAATAGATATATTATATATATATAATATATAATAGATATATTATAG...	326	1/1	PASS	LHFPL3
chr7	108188804	513	TAAATTTTAGTGGAATAGGGAGGAGCCAAGATGGCCGAATAGGAACA...	999	1/1	PASS	NRCAM
chr7	112238781	263	GATATTTTTTTTTTTTTTTTTTTTTTTTTTTTGGGAGGGGGTCCGGT...	347	0/1	PASS	ZNF277
chr7	116225172	356	AAAAACACTGGCCGGGCGCGGTGGCTCACGCCTGTAATCCCAGCACT...	328	0/1	PASS	TES
chr7	128798317	628	CTTGGCTCACTGCAACTTCCACCTCCTGGGTTCAGGCGATTCTTCTG...	999	1/1	PASS	CCDC136
chr7	129642756	370	CTTTTTTTTTTTTTTTTTTTTTTTTTTTGAGACGGAGTCTCGCTCTG...	412	1/1	PASS	NRF1
chr7	132166351	164	GCCCATCTACTCTTTTTTTTTTTTTTTTTTTTTTTTTTTTTTTTTTT...	196	0/1	PASS	PLXNA4
chr7	133702340	129	CTCTTCCCTTCCCACCCCTCCCCTCCCCTCCCATCTCCTCCCCTCCC...	757	1/1	PASS	EXOC4
chr7	137459449	75	CCTCCTGACCTCATGATCCACCCGCCTCGGCCTCCCAAAGTGCTGGG...	19	0/1	MinQUAL	DGKI
chr7	138650777	237	ACTCCAGCCTGGGTAACAGAGAGATAAGCTGTCTCTAAGAAAAAAAA...	999	1/1	PASS	SVOPL
chr7	138789841	200	GCCTGTGATCCCAGCTACTCGGGAGGCTGAGGCAGGAGAATTGCTTG...	999	1/1	PASS	ATP6V0A4
chr7	148409769	167	AGCTGGGCGTGGTGGCTCATGCCTGTAGTCCCAGCTACTCGGGATAC...	540	0/1	PASS	CNTNAP2
chr7	149934876	198	AAAACCTTCTTTTTTTTTTTTTTTTGAGACGGAGTCTTGCTCTGTCG...	686	0/1	PASS	ACTR3C
chr7	151821039	178	AGCCAGAAGGAAAGTAGAAGAGAGAGCCTCCAACCCCACAGACCTCA...	922	0/1	PASS	PRKAG2
chr7	154590555	372	TGGAGTTTAACTCTTTTTTTTTTTTTTTTTTTTTTTTTTTTTTTTTT...	706	1/1	PASS	DPP6
chr7	154779089	328	TCTACCACCACCACCACCACCATCACCTCCACCACCACCACCACAAC...	836	1/1	PASS	DPP6
chr7	157656080	353	CGGGTGCTCACTCTTTTTTTTTTTTTTTTTTTTTTTTGGGTGCTCAC...	737	1/1	PASS	PTPRN2
chr7	158048702	528	CATCACCATCACCATCATATCACCACCATCACCATCATCACTATCAC...	999	0/1	PASS	PTPRN2
chr7	158049076	336	ACCATCATCACCATCACTATCATTGTCATCACCATTATCACCATCAT...	999	1/1	PASS	PTPRN2
chr7	158049076	363	GTCAACACCATCACTATCATCATCGTCATCATTACCATCACATCAAC...	999	1/1	PASS	PTPRN2
chr7	158387515	222	AAGCACTCTCTGGGTCCTGGGGGGACTGGACTCCAGGGGGCTGTGGC...	999	1/1	PASS	PTPRN2
chr7	158811002	181	AAACAAAAGGGGTGCGTGAACCCGGGAGGCGGAGCTTGCAGTGAGCC...	680	1/1	PASS	ESYT2
chr7	159112639	184	GACGGGACCCGGCCGAGAGCCCCGACTGTGAGGAGGCGGCTCACGGC...	95	0/1	PASS	VIPR2
chr8	688310	184	CCGGCCCCTCCCCCGCCCCGCCCCGGCCCCGCCCCGCCCCGGCCCTT...	92	0/1	PASS	ERICH1
chr8	1337418	174	GATGATGGTGATGATGATGGTGATGGTGATGATGTTGATGGTGTTAA...	999	1/1	PASS	DLGAP2
chr8	1344128	274	TGGGTCCGTGTACTCGGGGCCCTGTCGTAAGTCCGTGTACTGGGTGC...	414	1/1	PASS	DLGAP2
chr8	9062604	250	AAGAAGGGGACGGGGCCGGGCGTGGTGGCTCACGCCTGTAATCCCAG...	195	0/1	PASS	ERI1
chr8	10149871	204	CATCAGTAGTGCCACGGTGGGTACCATCACATCCTAGAAATGTGGCT...	212	1/1	PASS	MSRA
chr8	11456222	162	GTGAGTGTGGGGGGTGGTTGCCTTGTGGGTATCAGTGTGAGTGTAAG...	605	1/1	PASS	FAM167A
chr8	18002008	166	TTTTTTTTTTTTTTTTTGGGGAGATCTGTTAAATTTTTTTTTTTTTT...	61	0/1	MinQUAL	PCM1
chr8	18085612	363	AAATAAGAGGGACAGGGCCGGGCGCGGTGGCTCACGCCTGTAATCCC...	313	0/1	PASS	LOC101929066
chr8	18759952	253	AGAAATGCAGAGCAGGGCCGGGCGCGGTGGCTCACGCCTGTAATCCC...	408	0/1	PASS	PSD3
chr8	21766794	210	ACAGCCACTCCCACACACACACACTGACACGCAAACACACACCACAC...	999	1/1	PASS	GFRA2
chr8	22467341	359	TCGATCATAGTTTTTTTTTTTTTTTTTTTTTTTTTTTTTTTTTGGGT...	277	0/1	PASS	PPP3CC
chr8	22922452	414	AGTGGGCCGGGCGCGGTGGCTCACGCCTGTAATCCCAGCACTTTGGG...	985	0/1	PASS	PEBP4
chr8	25315134	360	AAAAATTCTTTTTTTTTTTTTTTTTTTTTTTTTTTTTTTTTTTTTTT...	862	1/1	PASS	DOCK5
chr8	27438462	352	TGATTCTATGGAAAGCCACATCAGGGGATAAAACCCTGCATTCATTC...	999	0/1	PASS	PTK2B
chr8	29820459	337	CCACATCACACGCATACCACGCATACACCACATACACACTCACACAC...	999	1/1	PASS	LOC101929470
chr8	40820760	526	GCATGTAGGTGTGTTTACGTGTGTGTATGTATGTGCATATGTGTGGG...	999	1/1	PASS	ZMAT4
chr8	58993880	233	CAGAATACAGAGAAGGCCGGGCGCGGTGGCTCACGCCTGTAATCCCA...	209	0/1	PASS	TOX
chr8	62729023	156	AAACCAAAAAAAAAAAAAAAAAAAAAAAAAAAAAAAAAAAAAAAAAC...	220	0/1	SampleFT	NKAIN3
chr8	66772144	426	GAGTGCAGTGGCATGATCTCGGCTCACTGCAAGCTCCGCCTGCCAGG...	999	1/1	PASS	C8orf44-SGK3
chr8	68069557	383	AGAAATTTTATATTTTGGCCGGGCGCGGTGGCTCACGCCTGTAATCC...	999	1/1	PASS	PREX2
chr8	68758757	507	TATTTTTTTATGATTCTTTTTTTTTATTTTTTTTTTTTATTGATCAT...	999	1/1	PASS	C8orf34
chr8	73067663	202	GGCTGGGGTAGGAGGATTGCTTGAGCCCAGGAGCTGGAGGCTGCAGT...	999	1/1	PASS	SBSPON
chr8	74463098	355	AAGATTGATCCTCGGCCGGGCGCGGTGGCTCGCGCCTGTAATCCCAG...	934	1/1	PASS	GDAP1
chr8	79838652	285	GGCCGGGCGCGGTGGCTCACGCCTGTAATCCCAGCACTTTGGGAGGC...	251	0/1	PASS	LOC101927040
chr8	84516373	202	TAAAAGCCAAATCCGGGGGGAGGAGCCAAGATGGCCGAATAGGAACA...	201	0/1	PASS	RALYL
chr8	84525029	183	CCTCAATTTTTTTTTTTTTTTTTTTTTGCGCCCGCCACTACGCCCGG...	118	0/1	PASS	RALYL
chr8	86067391	160	AAAAGAATCATTCACTGGCTCACGCCTGTAATCCCAGCACTTTGGGA...	295	1/1	PASS	PSKH2
chr8	95645038	321	TTCATTTTTTTTTTTTTTTTTTTTTTTTTTTTTGAGACGGAGTCTCG...	170	0/1	PASS	C8orf37-AS1
chr8	95771320	88	GGCCGGGCGCGGTGGCTCACGCCTGTAATCCCAGCACTTTGGGAGGC...	234	0/1	PASS	C8orf37-AS1
chr8	97697129	154	AAAAAAAAAAAAAAAAATATATATATATATATATTTTTTTTTTTTTT...	97	1/1	PASS	MTDH
chr8	99145584	205	CTCATTAAAACTACACATCTATCAGAATGGCTAAAATAAAAAGCAGT...	859	1/1	PASS	VPS13B
chr8	105652283	256	AGCCCCTTTTTTTTTTTGAGACGGAGTCTCGCTCTGTCGCCCAGGCT...	717	0/1	PASS	ZFPM2
chr8	119031123	248	GGCCGGGCGCGGTGGCTCACGCCTGTAATCCCAGCACTTTGGGAGGC...	520	0/1	PASS	COLEC10
chr8	125011861	378	GAGAAGGCCTTTTTCTTTTTTTCTTTTTTTTTGGGGGGGGTTTTTTT...	915	1/1	PASS	SQLE
chr8	130428421	393	CATCATCATCATCACCACCATCATCATCACCACTATCATCATTACCA...	999	1/1	PASS	ASAP1
chr8	130897690	375	ACACACCTCACACATACATACACATATACATACACACCACACACATA...	999	1/1	PASS	ADCY8
chr8	131930464	356	TCAGCACAATCTTTTTTTTTTTTTTTTTTTTTTTTTTGGTTTTTTTT...	520	0/1	PASS	EFR3A
chr8	138692270	318	TGTGGAGGTGTGTGTATGTGTGTAATGTGTGTATGCATGTTTGTGGA...	828	1/1	PASS	COL22A1
chr8	138728902	261	GCATGACTCGTCCAGGCCAGCTCCGTATTCCATCACCACCACCACTA...	251	0/1	PASS	COL22A1
chr8	138806085	179	GTGAGATGGTGTAGTTAATGCTGTGTGATGTGTGTGTGAGATGGTGC...	827	0/1	PASS	COL22A1
chr8	140037951	358	AAAGCTGTATTGTTGGCCGGGCGCGGTGGCTCACGCCTGTAATCCCA...	459	1/1	PASS	TRAPPC9
chr8	142261001	226	GGGGAGGGAGGAGAGAGGGAGGAGAGAGACAGGAGGGAGGAAGGGAG...	372	1/1	PASS	TSNARE1
chr9	262448	374	AAAAAAAACCATGTTTGGCCGGGCGCGGTGGCTCACGCCTGTAATCC...	800	1/1	PASS	DOCK8
chr9	8645763	300	GAAAGATTACCTTCCTTGGGAGGCCGAGGCGGGCGGATCACGAGGTC...	635	0/1	PASS	PTPRD
chr9	9008027	196	TCATCATTTAGCATTAGGTATATCTCCTAATGCTATCCCTCCCCCCT...	999	1/1	PASS	PTPRD
chr9	10461248	352	AAGAATGGGGGAAAAGGCCGGGCGCGGTGGCTCACGCCTGTAATCCC...	830	1/1	PASS	PTPRD
chr9	15767830	132	CCCTCCCTCCCTCCCTCCCTCCCTTCCTTCCTTCCTTCCTTCCTTGC...	716	1/1	PASS	CCDC171
chr9	15883015	154	GCCTGCCTGCCTGCCTGCCTGCCTGCCTGCCTGCCTGCCTTCCTTCC...	279	1/1	PASS	CCDC171
chr9	19671056	511	AATTACAGTGCTCAATAATTATTTGTTGAATACATCAATAAGTAGGA...	999	1/1	PASS	SLC24A2
chr9	29103311	305	GGCCGGGCGCGGTGGCTCACGCCTGTAATCCCAGCACTTTGGGAGGC...	337	0/1	PASS	LINGO2
chr9	33130550	145	TCAATATCCTTTTTTTTTTTTTTTTTTTTTTTTTTTCAGCTGGTCGC...	999	1/1	PASS	B4GALT1
chr9	34430636	134	AAAAAAAAAAAAAAAAAAAAAAAAAAAAAAAAAAAAAAAAACAAAAA...	31	0/1	MinQUAL	FAM219A
chr9	36645304	212	GAAAAAGTCTTTTTTTTTTTTTTTTTTTTTTTTTTTTTTTAGTAGCT...	418	0/1	PASS	MELK
chr9	36924839	165	AGAGAAGGAAGGAGGGAAGGAGAAGGAAGGAGGGAAGGAGGGAGGGA...	389	1/1	PASS	PAX5
chr9	41047840	187	TTTTTTTAATTTTTTTATTATACTCTAAGTTTTAGGGTACATGTGCA...	471	0/1	PASS	PGM5P2
chr9	71752481	197	GGGAGGGTAGGGGGAGGAGAGGGGGAGGGAGGGGGAGGGGAGGGGAG...	513	1/1	PASS	CEMIP2
chr9	71929860	383	AAACTTAAAGATATCTGGCCGGGCGCGGTGGCTCACGCCTGTAATCC...	564	0/1	PASS	C9orf85
chr9	72928069	94	TGGCCGGGCGCGGTGGCTCACGCCTGTAATCCCAGCACTTTGGGAGG...	335	0/1	PASS	ALDH1A1
chr9	74972499	231	GCATCATACTACTTGACTTCAAAATATATTACAAGCCTATAGTAACC...	963	0/1	PASS	CARNMT1-AS1
chr9	76337149	310	GCCGGGCGCGGTGGCTCACGCCTGTAATCCCAGCACTTTGGGAGGCC...	241	0/1	PASS	PCSK5
chr9	77452609	318	TGGAAGTGTGTCAGTGGTGTGTGTGGAGGTATATGTGTGTGTGCTGT...	999	1/1	PASS	GNA14
chr9	86053539	153	CACACCATTCCACACCATGCCACACACCACACACACACTCCACACCA...	644	1/1	PASS	GOLM1
chr9	86999015	397	AATGGAAAAAATAAAACCCATTTATCTAGCTTATATATTTTTAAGGT...	999	1/1	PASS	GAS1RR
chr9	87869691	478	ACATACAACACACACCACACACAACATACAACACACACCACAAACAC...	999	1/1	PASS	LOC497256
chr9	89462954	156	GGAGGGGAGGGGAGCGAGCGAGGGGAGGGGAGCGAGCGAGGGGAGGG...	389	1/1	PASS	SEMA4D
chr9	90884884	292	ATATACATATATACACATATGTGTACATATGTGTATATATACATATA...	377	1/1	PASS	SYK
chr9	91296199	312	TTTTTTTTTTTTTTTTTTTTTTAGGGGGTTTTCTTTTTTGTTTCTTT...	356	0/1	PASS	AUH
chr9	93609090	225	TTAGTGGTTGTTTTTTTTTTTTTTTTTTTTTTTTGCCTCAGCCTCCC...	121	0/1	PASS	PHF2
chr9	97815352	135	TTTTTTTTTTTTTTTTTTTTTTTAAAAGGAGTCTCACTTATTTCTGG...	59	1/1	MinQUAL	PTCSC2
chr9	97913251	202	AATCATTGTATTTTCTTTTTTTTTTTTTTTTTTTTTTCGGTTTTTTT...	406	0/1	PASS	TRMO
chr9	98595554	235	CATGGACAGGGTGAAGGAGGGTGGCCCACCACCGTGAGCAGGGTGCC...	975	1/1	PASS	GABBR2
chr9	98821624	145	AAAAAAAAAAAAAAAAAAAAAAAAAAAAAAAAAAAAAAACTTCCCAC...	296	1/1	PASS	GALNT12
chr9	104844306	132	AAAAAAGGTTACCAGGCCGCGCCGGCGAGCGCCGCCGGGGAGGCAGC...	30	0/1	MinQUAL	ABCA1
chr9	109703759	373	TAATATTTGTTTTTGTTTTTTTTTTTTTTTTTTTTTTTTTTGAGACG...	548	0/1	PASS	PALM2AKAP2
chr9	110145785	379	CAGGACTTTTCTTTTTTTTTTTTTTTTTTTTTTTTTTTTTTGGAAGG...	90	0/1	PASS	PALM2AKAP2
chr9	121895759	538	TGTGTGTGTCCGTAAGTGTGGTTGTGTGGGTTTGTGTGACTGTGATT...	999	1/1	PASS	TTLL11
chr9	125265636	276	TCCTGACCTCGTGATCTGCCCGCCTTGGCCTCCCAAAGTGCGGGGTT...	999	1/1	PASS	GAPVD1
chr9	125458888	197	CGGGGTGCTGACCCCCCCACCTCCCTCCCGGACGGGGCAGCTGGCCG...	131	1/1	PASS	MAPKAP1
chr9	128694859	145	AAGAGTCTCTCAATTTTTCATATCATTTGTATTTTTTTTTTTTTTAA...	240	0/1	PASS	SET
chr9	131414409	842	TATCTTTTGCTTTTTTTTTTTTTTTTTTTTTTTTTTAATTTATTTTT...	999	1/1	PASS	PRRC2B
chr9	131964326	442	AGGTGATGGTGGTGGTGGTGCTGGTGATGGTGGTGGTGATGGTGGTG...	999	1/1	PASS	MED27
chr9	133383293	678	GATGATGATGGTGGAGATGGTGATGATGATGGTAATGATGGTGATGA...	999	1/1	PASS	STKLD1
chr9	134394154	166	GTGATGGTGGTGGTGATGGTGGTGGTGATGGTGATGGTGGTGGTGAT...	672	1/1	PASS	RXRA
chr9	134685430	147	CATCCATTCATCCATCCACCATCCATCCATCCATCCACCATCCATCC...	179	0/1	PASS	COL5A1
chr9	134714467	171	TTGTGGAGAGGTGGTGATGGTCATGGTGAATGTTATGATGGTGATGA...	999	1/1	PASS	COL5A1
chr10	1250038	386	AAAAATCCTATTGAAGGCCGGGCGCGGTGGCTCACGCCTGTAATCCC...	932	1/1	PASS	ADARB2
chr10	2447540	167	TCTGAACTTGTTTTTTTTTTTTTTTTTTTTTTCTTTTTTGTCTGGCA...	427	0/1	PASS	LINC02645
chr10	3431136	481	GAGGTGGATATAGTGGAGGTGGATCTAGTGGAGGTGGATCTAGTGGA...	999	1/1	PASS	LOC105376360
chr10	12413574	338	GATGATGATGATAGTACTGGTGGTGGTGATGATGGTGACCATGACAA...	999	1/1	PASS	CAMK1D
chr10	13062994	203	TGGCTCACTGGCTTACCGATTTCATCTCTGACCAATCAGCACTACTT...	249	0/1	PASS	CCDC3
chr10	13114814	129	TATATAATTATATAATTATATAACGTATATATAATTATATAATTATA...	47	1/1	MinQUAL	OPTN
chr10	15149442	132	CACCATCACATCATCACCACCATCATCACCATTATCATCACTGTCAT...	567	1/1	PASS	NMT2
chr10	17670782	449	AAGAAATGCCTCCGGGAGGGAGGTGGGGGGGGTCAGCCCCCCCGCCC...	547	0/1	PASS	STAM
chr10	19916316	244	TGTATTTTTTTTTTTTTTTTTTTTTTTTTTTTTTTCCCGGGTTCACG...	376	0/1	PASS	PLXDC2
chr10	25418757	144	GAAAATAATCTTTTTTTTTTTTTTTTTTTTTTTTAACCCGGTACCTC...	343	0/1	PASS	GPR158
chr10	27316831	158	TTTTTAAGTTTGTATACTGTATGTTTCCTCAATTGTCATAACAACTT...	106	0/1	PASS	ARMC4P1
chr10	38112732	185	GTGTTGGTCTTGGTCTTGGTCTTGGTCTTGGTCTTGGTCTTGGTCTT...	787	0/1	PASS	ZNF37A
chr10	49742423	196	ACACCACACACATACACACTCCACACACACCACACATATATCACACA...	999	1/1	PASS	OGDHL
chr10	51449643	188	ACAGCATATCATATATATATATATATATATATATTTTTTTTTTTTTT...	292	0/1	PASS	PRKG1
chr10	52636230	191	CTCCTGCCTCAGCCTCCCGTGTAGCTGGGACTACAGGCGCGCGCCAC...	369	0/1	PASS	LOC105378305
chr10	52707168	280	AAAAGTGTCCTTTCGGCCGGGCGCGGTGGCTCACGCCTGTAATCCCA...	760	0/1	PASS	LOC105378305
chr10	53897959	128	TTTTTTTTTTTTTTTTTTTTGAGACAGAGTCTCGCTCTGTCGCCCAG...	112	1/1	PASS	PCDH15
chr10	55142593	349	TACTACAGTTATTTTTTTATTTTTTTTTTTTTTTGAGACGGAGTCTC...	565	0/1	PASS	PCDH15
chr10	60365086	277	AAAAAATAGATGCTCCCAGCACTTTGGGAGGCCGAGGCGGGTGGATC...	307	0/1	PASS	ANK3
chr10	62473610	395	GTGTCTTCTTTTTTTTTTTTTTTTTTTTTTTTTTTTTTTTTTTTTTG...	295	0/1	PASS	ZNF365
chr10	65671244	118	CGGCCGGGCGCGGTGGCTCACGCCTGTAATCCCAGCACTTTGGGAGG...	657	0/1	PASS	LINC01515
chr10	66289348	274	GAGACTGAGGAGGGCAGATCACCTGAGGTCTGGAGTTTGAGGCTAGC...	999	1/1	PASS	CTNNA3
chr10	68926144	404	TCCAGCCTGGGTGACAAAGTGAGACCGTCTCTTTTTTTTTTTTTTTT...	656	1/1	PASS	DDX50
chr10	69810376	125	AGAGAGAGAGAGAGAGAGAGAGAGAGAGAGCTGGGGTGTGCGTGGAG...	420	1/1	PASS	COL13A1
chr10	71420464	176	TGATGGTGATGATGATGATGGTGATGGTGATGATGATGGTGATAGTG...	905	1/1	PASS	CDH23
chr10	71420476	179	TGATGATGGTGATGGTGATGATGATGGTGATAGTGATGATGATGGTG...	999	1/1	PASS	CDH23
chr10	75578215	124	AAAAAAAAAAAAAAAAAAAAAAAAAAAAAAAAAAAAAAAAAAAAAAA...	231	1/1	PASS	LRMDA
chr10	86504415	246	CCTGTAATCCCAGCACTTTGGGAGGCCGAGGCAGGTGGATCAGGAGA...	999	1/1	PASS	WAPL
chr10	94984148	248	AAAAATATTGTTTCTTCCTGTAGTCCCAGCTACTCGGGAGGCTGAGG...	488	0/1	PASS	CYP2C9
chr10	95448268	230	TGGAGGCAGAGGCAGGAGAATCACTTGAACTCGGGAGGCGGAGGTTG...	999	1/1	PASS	SORBS1
chr10	96415739	158	TCTCTCTCTCTCTCTCTCTCTCTGTCTCTCTCTCTCTGTCTCTCTCT...	256	1/1	PASS	TLL2
chr10	99827980	222	CACACCTGTGGGTGTTTCTCGTAAGGTGGAATGAGAGACTTAGGAAA...	774	1/1	PASS	ABCC2
chr10	101495840	126	ATCCACCCAGATTTTTTTTTTTTTTTTTTTTTTTTTTTTTCAAATCC...	142	0/1	PASS	BTRC
chr10	101855066	256	TTTTTTTTTTTTTTTTTTGAGATGGAGTCTCACTCTGTCGCCCAGGC...	556	1/1	PASS	ARMH3
chr10	101976015	306	GGCCGGGCGCGGTGGCTCACGCCTGTAATCCCAGCACTTTGGGAGGC...	68	0/1	MinQUAL	ARMH3
chr10	102995201	164	CCTCCCCCTCTTCCTCCTCCTCCCCCTCTTCCTCCTCCTCCCCCTCT...	418	1/1	PASS	CNNM2
chr10	112314099	313	AAAATATTGAGTTTCTGGCCGGGCGCGGTGGCTCACGCCTGTAATCC...	999	1/1	PASS	GUCY2GP
chr10	125610518	314	GGCCGGGCGCGGTGGCTCACGCCTGTAATCCCAGCACTTTGGGAGGC...	271	0/1	PASS	TEX36
chr10	130081809	217	CATTGCATTGACACTTTTATCAATAAAAATGAAAGAATGAAAATTAA...	725	1/1	PASS	C10orf143
chr10	132775188	214	GGGCAGGGAGGAGAGAGGGGCAGGGAGGAGGGGCAGGGAGGAGAGAG...	202	1/1	PASS	INPP5A
chr11	995698	281	GGCTGAGCCTGACATCTTGCCCAGTGGCTTCTCCTCCCCCTCCTCCC...	999	1/1	PASS	AP2A2
chr11	1017891	164	TGCGGGGAGGGGTGCTGATTGAGCTGTGGGCTTGGCTGATCCTACTG...	666	0/1	MaxDepth	MUC6
chr11	4729984	273	CAGGTCGCCCAGGCCGGACTGCGGACTGCAGTGGCGCAATCTCGGCT...	367	0/1	PASS	MMP26
chr11	8158765	163	CTCTGTCACCCAGGCTGGAGGGCAGTGGCACGATCTCGGGTCACTGC...	442	1/1	PASS	RIC3
chr11	8818099	257	AAAAATACACAAACTAGATCTTTAAAAAAAAATTAGCCTGGCCTCTC...	727	0/1	PASS	DENND2B
chr11	8865753	292	AAGAGAGATTAAATCTCGGCCGGGCGCGGTGGCTCACGCCTGTAATC...	999	1/1	PASS	DENND2B
chr11	9082987	448	AAAAAGTTGCAACTTTGCTCCCCCTCCCTCTCCCCTCTCCCCTCTCC...	792	1/1	PASS	SCUBE2
chr11	11560150	434	TGATGGGATAGGATGGAATAGAATGAGATACGATGGGATGGGGTGGA...	999	1/1	PASS	GALNT18
chr11	16696972	358	TTTTTCAAAGTTGGGGGTAGTGTTCTCAAACCCTTTTGTTGTTTTGG...	337	0/1	PASS	SOX6
chr11	18496454	154	CATAACATAACATAACATAACATAACATAACATAACATATAACATAA...	846	0/1	PASS	TSG101
chr11	19361212	368	AGTGAGCTCTTTTTTTTTTTTTTTTTTTTTTTTTTTTTTGAAAGGGC...	999	1/1	PASS	NAV2
chr11	19618907	275	CTCCCCCCATCCCCTGACATCTGCCCACATTCTTATAACAAGCTCTC...	999	1/1	PASS	NAV2
chr11	19941447	379	AATAAATAGCATGAGGTTGGCCGGGCGCGGTGGCTCACGCCTGTAAT...	735	0/1	PASS	NAV2
chr11	24771396	222	CTATTCATGTGATTTTTTTTTTTTTTTTTTTTTTTTTTTTTGCCTCC...	143	0/1	PASS	LUZP2
chr11	30928614	248	TTACCATTGGTATCATAGGCTTACATAGTTTATATATTCCACAGATT...	999	1/1	PASS	DCDC1
chr11	33603236	255	AAAAGATGGGCGGCCGGGCGTGGTGGCTCACGCCTGTAATCCCAGCA...	315	0/1	PASS	KIAA1549L
chr11	33648576	620	TAAATACACTAGGCCATCCAGTTTCAGCTTTCTACATATGGCTAGCC...	999	1/1	PASS	KIAA1549L
chr11	35403936	322	GCAAAGGAGGAAACAGCTCAAAGGCAAAGGGGGAAAGTCTTTTTTTT...	234	0/1	PASS	SLC1A2
chr11	36055104	292	GCATAGAGGGATAGTTGGATGAATGGATGGATGGCCAGGAAAAGGTC...	389	1/1	PASS	LDLRAD3
chr11	40705531	310	TTTTTTTTTTTTTTTTTTTTTTTTTTTTTGAGACGGAGTCTCGCTCT...	110	0/1	PASS	LRRC4C
chr11	41810246	400	AACAACAGAGGTTTTTTTTTTTTTTTTTTTTTTATTATACTCTAAGT...	445	0/1	PASS	LINC01499
chr11	43855889	338	CTCAGTTTATTTTTTATTTTATTTTTTTTTTTTTTGAGACGGAGTCT...	495	0/1	PASS	HSD17B12
chr11	47557553	208	TCGCCCAGGCTGGAGTGCAGTGGCGGGATCTCGGCTCACTGCAAGCT...	999	1/1	PASS	CELF1
chr11	49634262	151	AGCTGGGACTACAGGCGCCCGCCACTACGCCCGGCTAATTTTTTTGT...	274	0/1	PASS	LOC440040
chr11	59645321	240	GGGCAGAGGGGCTCCTCACTTCCCAGTAGGGGCGGCCGGGCAGAGGC...	582	1/1	PASS	PATL1
chr11	62386439	151	TATCATAGATATGTACATATCATACATATCATAGATATGTACATATC...	238	0/1	PASS	ASRGL1
chr11	62492877	327	AAAAAAAAAGGGAGACAGGCCGGGCGCAGTCGCAGTGGCTCACGCCT...	405	0/1	PASS	AHNAK
chr11	67499572	270	CCATCCATCCATCCACCTACCCACCCGCCCACCCATCCATCCATCCA...	624	1/1	PASS	PITPNM1
chr11	68264684	261	TATCCATCCATCCACCCACCCACCCCATCCATCCACCCACTCATCCA...	881	1/1	PASS	C11orf24
chr11	70803361	474	CCATCCATCCACCCACCCACCCACCGATTCATTCATCTTTCCATTTA...	999	1/1	PASS	SHANK2
chr11	72601170	221	CTCCACCCCCTCACTGAGCCCCCATCCCCCCACTCAGCCCCCATCTA...	999	1/1	PASS	PDE2A
chr11	72609878	46	GGCCGGGCGCGGTGGCTCACGCCTGTAATCCCAGCACTTTGGGAGG	116	0/1	PASS	PDE2A
chr11	75763434	187	ACCCAGGTCCCTCCTGTAGGCCAGGCCCAGTGTTGGGCCCTGGGACA...	999	1/1	PASS	LOC283214
chr11	77178208	331	CCATCTGCCCACCTATTCACCCATCCATCCATCCATCCATCCATCCG...	927	1/1	PASS	MYO7A
chr11	83949412	350	AAGAATTGTTGCTCCTCACTTTGGGAGGCCGAGGCGGGCGGATCACG...	243	0/1	PASS	DLG2
chr11	86259223	152	AAAAATCAGAAGTTTGGGCCGGGCGCGGTGGCTCACGCCTGTAATCC...	16	0/1	MinQUAL	EED
chr11	86272058	232	TTTTTTTTTTTTTTTTTTTGAGACAGAGTCTTGCTCTGTTGTGCATG...	380	1/1	PASS	EED
chr11	92329738	222	ACTTTAGCTCTTTGTTATAGATGTTGAAAAGGCTTTTTCCTAGTTTG...	683	1/1	PASS	FAT3
chr11	92705644	235	AGTGATGGTGGTGGTGATGGTGGGTGATGGTAGTGGTGTGATGGTGG...	705	1/1	PASS	FAT3
chr11	92875311	364	AAGATCCTAGACAGGGCCGGGCGCGGTGGCTCACGCCTGTAATCCCA...	999	1/1	PASS	FAT3
chr11	101925704	155	GTGCAGTGAGCCAAGATCGCGCCACTGCACTCCAGCCTGGGCAACAG...	811	1/1	PASS	CEP126
chr11	103921860	122	AAATTTCAATTAGTTAGGCCGGGCGCGGTGGCTCACGCCTGTAATCC...	226	0/1	PASS	PDGFD
chr11	104078565	298	TTCCCAAGGTGGTATTTTCCCTTCTCTCTCCCTGGGGCTATATTGCA...	992	0/1	PASS	PDGFD
chr11	104915863	361	AAGAATTTAAATATTGAGGCCGGGCGCGGTGGCTCACGCCTGTAATC...	470	0/1	PASS	CASP4LP
chr11	106787587	191	GGAAGGGGAGGGTGAGGGAGGGGGGAGGAGGGAAGGGGGAGGGGGGA...	775	1/1	PASS	GUCY1A2
chr11	108715020	174	CAATGAGGTCTCTTTTGTTGTTTTTTTTTTTTTTTTTTTTTCAGTTT...	184	0/1	PASS	DDX10
chr11	113220601	124	TTTTTTTTTTTTTTTTTTTTTTTTTTTTTTTTTTTTTTTGGGGGGGG...	48	1/1	MinQUAL	NCAM1
chr11	119253539	306	CCTGTAATCCCAGCACATTGGGAGGCCAAGGCTGGAGGATTGTCTGA...	999	1/1	PASS	CBL
chr11	120876376	391	CACCACCACCACCATCATCATCATCACCACCACCACTATCACCACCA...	999	1/1	PASS	GRIK4
chr11	126276308	270	GTGTGTGTGTGTGGTGTGTGTGTGTATGGGGTTGGGGAGGGTGTGTG...	999	1/1	PASS	FOXRED1
chr11	126632683	207	TGCCACAAGCCTCCTTCCCTGTGCAGCTGCTTTTCTGTCCTGCCCAA...	999	1/1	PASS	KIRREL3
chr11	126799454	654	TGTGTGCATGTGTGTACCTGTAGGCATGTGCATGTGTGTATGTGTGT...	999	1/1	PASS	KIRREL3
chr11	127071222	209	CCACTGCTATATTTTCTTTTTTTTTTTTTTTTTTTTTTTTTTGAGAC...	404	0/1	PASS	LOC101929473
chr11	132125729	437	GTGTGTGGTGATGGTGGGGTATGTGGTGTATGTGTTGTGTAGCATGG...	999	1/1	PASS	NTM
chr11	133027785	304	TGTGGTGTATGTGTGTGTGTATTATGTGTGGTGTATCTGTTGTGTGT...	999	1/1	PASS	OPCML
chr11	133354202	219	TGGTGGTGGTGGTGATGACGTAATGATGCTGGTGGTGATGGTGATGG...	999	1/1	PASS	OPCML
chr12	1620954	303	CCTCCCAAAGTGCTGGGATTACAGGTGTGAGCCACCGGGCCTGGCCG...	999	1/1	PASS	WNT5B
chr12	2682850	359	ACACACACACACACACCACACAAACACAACACACACACACACAAACA...	999	1/1	PASS	CACNA1C
chr12	4633739	322	CAGTAGTTTTTTTTTTTTTTTTTTTTCTTGATCATTCTTGGTTTTTT...	291	0/1	PASS	AKAP3
chr12	5481483	349	CACATACAAACAGAATAACACCACACACACACCACAGACACAGAAAT...	999	1/1	PASS	NTF3
chr12	6362935	316	GCCTCCCAAGTGCTAGGATTACAGGCGGGAGTCACTGCACCCAGCCT...	999	1/1	PASS	SCNN1A
chr12	6949994	246	TGGTCTCGAACTCCTGACCTCAAGTGATCTGCCCACCTCGGCCTCCC...	999	1/1	PASS	PTPN6
chr12	7203223	154	GACTAGACTAGACGACTAGACTAGACTCTAGACTAGACACTAGACTA...	727	1/1	PASS	PEX5
chr12	9718550	87	GGATGGTCTCGATCTCCTGACCTCATGATCCACCCGCCTCGGCCTCC...	408	0/1	PASS	CLECL1
chr12	10081588	176	GAGTAGCTGGGACTACAGGCGCCCGCTACCACGCCCGGCTAATTTTT...	345	0/1	PASS	CLEC1A
chr12	11038778	145	GTACTGGGACTTTTTTTTTTTTTATTAAATATCAGCTTTGTTTATTA...	554	0/1	PASS	PRH1-PRR4
chr12	11055087	217	TGGTCTCCATCTCCTGACCTCGTGATCCACCCAACTTGGCCTCCCAA...	943	1/1	PASS	PRH1-PRR4
chr12	11066591	236	TACGTATTTTTTAAATTAACTTTTCTTTTTTTGTGTGTTTTTTTATT...	773	0/1	PASS	PRH1-PRR4
chr12	11098150	246	TAAATGCTTTTTCCCATTCTTAGCTATGGTGACTAAATCTGGATTAT...	999	1/1	PASS	PRH1-PRR4
chr12	12391961	325	CTTGAACCCAGGAGGCAGAGGTTGCAGTGAGCCAAGATCATGCCACT...	999	1/1	PASS	BORCS5
chr12	12780745	320	ACACAGCTAATTTTTTTTTTTTTTTTTTTTTTTATTATACTCTAAGT...	928	1/1	PASS	APOLD1
chr12	13692760	122	TTTCTTTTTTTTTTTTTTTTTTTTTTTTTTTTTTTTTTTTTTTTGGG...	439	1/1	PASS	GRIN2B
chr12	24837058	86	GAGGGCCGGGCGCGGTGGCTCACGCCTGTAATCCCAGCACTTTGGGA...	112	0/1	PASS	BCAT1
chr12	25106528	392	CAGACTCTGTCTCTTAAATATATATATATTATATATACATGTATTTA...	999	1/1	PASS	IRAG2
chr12	26805727	188	TAAAACTGGCCGGGCACCGTGGCTCACACCTGTAATCCCAGCACTTT...	999	1/1	PASS	ITPR2
chr12	28264365	318	AATTTTTTTTTTTTTTTTTTTTTTTTTTTTTTTTTTTTGAGACGGAG...	383	0/1	PASS	CCDC91
chr12	31061578	170	GTAACAGGCTTTTTTTTTTTTTTTTTTTTTTTTTTTTTTTTGGAGGA...	407	0/1	PASS	DDX11-AS1
chr12	32205715	237	TGTATGTCAATTTTTTTTTTTTTTTTTTTTTTTTTTTTTTTGCCTCA...	221	0/1	PASS	BICD1
chr12	43524176	140	AACAGTCCAGTAATTAATGGGATCAGTTCATTACTACCACAACTGGC...	278	1/1	PASS	ADAMTS20
chr12	43919853	472	GTGGTTGTGGGGAAAAGCGAGAGAGATCAGATTGTTACTGTGTCTGT...	999	0/1	PASS	TMEM117
chr12	45781372	334	TGGCCAGGCACGGTGGCTCACGCCTGTAATCTCAGCACTTTGGGAGG...	999	1/1	PASS	ARID2
chr12	52291701	421	AAAAGATGTCAGTCTTGGCCGGGCGCGGTGGCTCACGCCTGTAATCC...	587	0/1	PASS	KRT86
chr12	57191935	424	ACACTACACACCCCACACACACACCACATACACACACCACACACACA...	999	1/1	PASS	LRP1
chr12	58635299	581	AAAAATCAGCTCTCCCTCTCCCTCTCCCTCTCCCTCCCCCTCCCTCT...	999	1/1	PASS	LINC02388
chr12	65425035	161	CATATATATAAATATATATAAATATATATAAATATATATAAATATAT...	364	0/1	PASS	MSRB3
chr12	66617789	346	AAAGAAATGCATATTAAAGGCCGGGCGCGGTGGCTCACGCCTGTAAT...	394	0/1	PASS	GRIP1
chr12	66988420	235	CCAGGCTGGAGTGCAGTGGCACAATCTCGGCTCACTGCAACCTCTGC...	111	0/1	PASS	GRIP1
chr12	77990098	171	CCTTGTAAATGACTGTGAAACTTCAGGGAAACTGACATGATGAAAGA...	393	1/1	PASS	NAV3
chr12	78944242	305	CCAATCCCCCTTCTTTTTTTTTTTTTTTTTTTTTTTTATTATACTCT...	152	1/1	PASS	SYT1
chr12	79916006	161	AAAGATAGGTCAACATAGGCCGGGCGCGGTGGCTCACGCCTGTAATC...	603	1/1	PASS	PPP1R12A
chr12	80461951	136	ATTTCTGCATTTCCATCTGAGGTACCGGGTTCATCTCACTAGGGAGT...	999	1/1	PASS	PTPRQ
chr12	81972392	112	AGACGGGGTTTCACCGTTCTAGCCGGGATGGTCTCGATCTCCTGACC...	347	0/1	PASS	LINC02426
chr12	86259792	216	GTTTGCTTTCTTTCTTTTTTTTTTTTTTTTTTTTGAGACGGAGTCTC...	535	1/1	PASS	MGAT4C
chr12	95195689	207	CACGCCTGTAAATCCCAGCACTTTGGGAGGCTGAGGCGGGCGGATCA...	999	1/1	PASS	FGD6
chr12	101747636	404	TGAAAATGACTACATTTGTAAGATAGGATTAAAAAACAACCATACAC...	999	1/1	PASS	GNPTAB
chr12	105044600	280	GCCGGGCGCGGTGGCTCACGCCTGTAATCCCAGCACTTTGGGAGGCC...	464	0/1	PASS	ALDH1L2
chr12	106497168	406	AAACTTTTTTTGAAAAAATTATGGGGGTTTTTTAGGGGTTAAAAAAA...	208	0/1	PASS	POLR3B
chr12	106728297	307	TTTTTTTTTTTTTTTTTTTTTTTTTTGAGACGGAGTCTCGCTCTGTC...	275	0/1	PASS	RFX4
chr12	110178783	254	TTTTTGTATTTTTAGTAGAGATGGGGTTTCACCATGTTAGCCAGGAT...	999	1/1	PASS	IFT81
chr12	110880708	336	TGATGGTGATGATGGTGAATAATGGTGATGGTAATGATAATGACTGT...	999	1/1	PASS	CCDC63
chr12	120467991	261	GCTGAGGCAGAAGAATCGATTGAACCTGGGAGGCCGAGGTTGCAGTG...	999	1/1	PASS	SRSF9
chr12	124999872	296	GCCTCCCAAAGTGCTGGGATTACAGGTGTGAGCCACCGCGCCCGGCC...	999	1/1	PASS	BRI3BP
chr12	126928685	366	TATATTTTATTTTGTTATATATATGTATTTATGTATATGTGTATATG...	962	0/1	PASS	LINC02405
chr12	127907321	263	TCCAGTTCCAAATGGTTTAACCGTTGAATTCTACCAAATATTTAAGA...	228	0/1	PASS	LINC00508
chr12	130604740	99	GTTTTAGCTGGGATGGTCTCGATCTCCTGACCTCGTGATCCGCCCGC...	42	0/1	MinQUAL;SampleFT	RIMBP2
chr12	130660321	483	CAGGTGCTGACATAAAACATCGGGGAGACCTCCAGGAAGCAAGAACA...	999	1/1	PASS	RIMBP2
chr12	131098134	184	CGGTGGCCGCTGTCTGGGCTGCCTCACCGCCTTCTCCCACGGTGGCC...	877	1/1	PASS	ADGRD1
chr12	132742761	466	TCACCACCATCATCCTCACCACATCTTCACCATCATCATCCTCATCA...	999	1/1	PASS	ANKLE2
chr12	132954429	193	GGAGAAGGGTGGGGAGGGGAGGAGAAGGGTGGGGAGGGGAGGAAAAG...	531	1/1	PASS	ZNF605
chr13	18196940	125	TATTTGTGTTGTTTTTTTTTTTTTTTCACTGAAAGCTCCGCCTCCCG...	440	1/1	PASS	FAM230C
chr13	18212724	387	ATATATATTATATATTAAATATATATGTAATATATTTAATATATTAA...	999	1/1	MaxDepth	FAM230C
chr13	18849238	185	AGAAACACAGCTCCGGCCGGGCGCGGTGGCTCACGCCTGTAATCCCA...	312	0/1	PASS	ANKRD20A9P
chr13	20990340	327	ATTTTTTTTTTTTTTTTTTTTTTTTTTTTTTTTTTTTTTGAGACGGA...	375	0/1	PASS	LATS2
chr13	20990340	326	CTTTTTTTTTTTTTTTTTTTTTTTTTTTTTTTTTTTTTGAGACGGAG...	372	0/1	PASS	LATS2
chr13	21155692	269	CAGTTTTCTTTGTTGCTGACATCTCGGATGTTCTGTCCATGTTTAAG...	359	0/1	PASS	SKA3
chr13	24046536	427	CATATGGTGTGTACTCTTTTTTTTTTTTTTTTTTTTTTTTTTTTTTT...	698	1/1	PASS	SPATA13
chr13	25812490	197	TTCTGAGACGTTGGATAGCCACAATATCTTTATTCTTTGATTATATT...	852	1/1	PASS	ATP8A2
chr13	27583212	218	CGCGCGCGTGTCCTCTCCAATATAACTTTGTGTGTGTGTGTGCGCGC...	277	0/1	PASS	LNX2
chr13	28964738	366	CTTTTGTGTGTTTTTTTTTTTTTTTTTTTTTTTTTTTTTTGGAATTT...	672	1/1	PASS	MTUS2
chr13	32132250	440	AAAAACTCAGCTAGGCCGGGCGCGGTGGCTCACGCCTGTAATCCCAG...	622	0/1	PASS	FRY
chr13	38878403	96	CCGGGCGCGGTGGCTCACGCCTGTAGTCCCAGCACTTTGGGAGGCCG...	180	0/1	PASS	FREM2
chr13	39556866	380	CTGGAGGATCGCTTTTTTTTTTTTTTTTTTTTTTTTTTTTTTTTTTT...	227	0/1	PASS	LHFPL6
chr13	46054847	83	GTCTCGATCTCCTGACCTCATGATCCACCCGCCTCGGCCTCCCAAAG...	328	0/1	PASS	CPB2-AS1
chr13	49318669	220	AGGAAAGGAAAAGGAAAGGAAAAGGAAAGGAAAAGGAAAGGAAAGGA...	671	1/1	PASS	CAB39L
chr13	49468614	366	GTTACCCTAATTTCTTTTTTTTTTTTTTTTTTTTTTTTTTGTTACCC...	184	0/1	PASS	SETDB2
chr13	50337938	291	AAAGGTTTTTTTTTTTTTTTTTTTTTTTTTTTTTTTTGAGACGGAGT...	597	0/1	PASS	DLEU1
chr13	51161125	199	AAAAGTAGTTTTTCTCCTCCCTCTCCCGTCTCCCTCTCCCTCTCCCG...	229	0/1	PASS	C13orf42
chr13	52002603	160	AGGGGAAAGGGGGGGAGGGGAGGGGAGGAGCGGGGAGGGGAGGAGCG...	793	1/1	PASS	ATP7B
chr13	52460703	194	GGCCTCCCAAAGTGCTGGGATTACAGGCGTGAGCCACCGCGCCCGGC...	676	1/1	PASS	CKAP2
chr13	77566461	504	GATAACCTTCCTTTTTTTTTTTTTTTTTTCCTTGAAAGCTGAAACTG...	382	0/1	PASS	SCEL
chr13	84345473	213	CCTCTTCAACATGGTATTGAAAGTCCTAGCCAGAGCAATCAGACAAG...	725	1/1	PASS	LINC00333
chr13	91609019	366	AATTTAGATTTGAGGGCCGGGCGCGGTGGCTCACGCCTGTAATCCCA...	797	1/1	PASS	GPC5
chr13	91861726	309	TCCCAGCACTTTGGGAGGCCGAGGCGGGCGGATCACGAGGTCAGGAG...	999	1/1	PASS	GPC5
chr13	92448881	319	AAAGAAGCCCACACAGCGGATCACGAGGTCAGGAGATCGAGACCATC...	780	1/1	PASS	GPC5
chr13	95025448	196	CACCCACACACCCATACACACACACACCAGACCCCCACACCCCCACA...	201	1/1	PASS	ABCC4
chr13	97329640	309	ACACACAATACACATACAACATGCACACACACCCCATACACATACAC...	999	1/1	PASS	MBNL2
chr13	97339102	579	TGTGCTATGAGTGCATGTGTTGTCTGTAGTGTATCTGTGTTGCATGT...	999	1/1	PASS	MBNL2
chr13	98473274	157	GAGAGGAAAGGAAGGAGGGAGGGAGGAGGGAGGAAAGGAGGGAGGGA...	727	1/1	PASS	STK24
chr13	101737016	95	TAGCCAGGATGGTCTCGATCTCCTGACCTCATGATCCACCCGCCTCG...	170	0/1	PASS	FGF14
chr13	108278578	346	TCCTCCTCCTCTTCCTCCTCCTCTGCTCCTGTCCTCCTCTTCTTCCT...	953	1/1	PASS	TNFSF13B
chr13	110424448	353	AATAAGTTAATTCTTTTTTTTTTTTTTTTTTTTTTTTTTTTGTCTTT...	964	1/1	PASS	COL4A2
chr13	110674420	46	GCCTCCCAAAGTGCTGGGATTACAGGCGTGAGCCACCGCGCCCGGC	319	0/1	PASS	CARS2
chr13	111621615	199	TGTGGTGTGTGTGGTATGTGTCTGTATGGTATGTGTATGTGTGGTAT...	999	1/1	PASS	LINC02337
chr13	112714047	333	ACCCCTGATGGCCGTGCCTCCTTTCCACTCCCCCAACCCCTGGTCCC...	599	1/1	PASS	ATP11A
chr13	112972798	523	GGATGGATGACTGGGTGACTGGATGGATGGGTAGGTGGAGGATGGAT...	999	1/1	PASS	MCF2L
chr13	113961472	318	AGAAATAACTGTTTTTTTTTTTTTTTTTTTTTTTTTTGAGACGGAGT...	489	0/1	PASS	C13orf46
chr14	22413264	493	GAAAGGTGTTTCACCATCAGTTCTAATAATAGCATGTGGCAGCTGCA...	955	0/1	PASS	LOC105370401
chr14	22944954	290	CAAAAATTAAAAAAAAATATATTTTTGTATATATATGTGTGTATATA...	999	1/1	PASS	LOC101926933
chr14	32784980	415	AAATGATTGATAGCAGGCCGGGCGCGGTGGCTCACGCCTGTAATCCC...	422	0/1	PASS	AKAP6
chr14	35009343	307	GTTTTTTTTTTTTTTTTTTTTTTTTTTTTTTTTTTTTTTGAGACGGA...	277	0/1	PASS	SRP54
chr14	49998049	144	AGACAAGGCCCCCAACGGACTGGATGATGCCCACTCACATTGGGGAA...	651	0/1	PASS	LINC01588
chr14	59987437	365	CAACCTTAACTTCTTTTTTTTTTTTTTTTTTTTTTTTTTTTTTACTT...	665	1/1	PASS	LRRC9
chr14	60108768	350	ATATTGATTTTTTTTTTTTTTTTTTTTTTTTTTTTTGATTGATTTTT...	455	0/1	PASS	PCNX4
chr14	62759565	144	AGGGTATATATATATATATATATTTTTTTTTTGACGGGGTTTCACCA...	657	1/1	PASS	KCNH5
chr14	70731059	393	AAGAATAATAGGACATTTGGGGGGAGGAGCCAAGATGGCCGAATAGG...	999	1/1	PASS	MAP3K9
chr14	71999674	174	CATGAGCTCTGGTTGTTTAAAAGTGTGTAGCACTTCCCCTCTCTCTT...	257	0/1	PASS	RGS6
chr14	73294866	166	GCACTTTAGGAGGCTGAGGTGGGTGGATCACTTGAGGTCAGGAGTTC...	526	1/1	PASS	NUMB
chr14	73332740	362	GTTGAAATGATGTTTTTAAAAAGGAAATAAAAAAGATTTATTCAGCA...	999	0/1	PASS	NUMB
chr14	75032863	360	TGGAAAGATAGATTTTTTTTTTTTTTTTTTTTTTTTTTTTTTTTGGG...	747	1/1	PASS	MLH3
chr14	88684236	160	TAAATTTAACAAAATGAGTGCAAGATCTGTACACTGAAAACTACAAA...	593	1/1	PASS	EML5
chr14	88711376	261	CAGTTCCCTCCATTGTTCCCACTCTCTCTCCTGCTGCCGTTTAAGTT...	999	1/1	PASS	EML5
chr14	90300883	150	GGGGAGGAGGGGAGGAGGGGAGGGGGAGGGAGGGGGAGGGGGAGGGG...	392	1/1	PASS	NRDE2
chr14	91634736	255	CTTGGATGGAACTGAAGGCCATTACCCTCAGTGAAGTGACTTAGGAA...	999	1/1	PASS	CATSPERB
chr14	92153061	477	CAAATTTTATTTTTATTTTTTTTATTTTTTTTATTTTATTTTATTTT...	999	1/1	PASS	CPSF2
chr14	93364579	348	AGAAAAGGGGCCTGGGGGCCGGGCGCGGTGGCTCACGCCTGTAATCC...	132	0/1	PASS	UNC79
chr14	93460071	218	TAATCCCAGCACTTTGGGAGGCCGAGGCGGGCGGATCACGAGGTCAG...	302	1/1	PASS	UNC79
chr14	93493829	168	TTACATGGCTGGAGCAGGAGGAAGAGAGAGAAGGGGAAGTGCCACAT...	12	0/1	MinQUAL	UNC79
chr14	94363765	130	ATGTCATCCTTGATGATGACCAGGAAGGGCCGGTTGAACATGACTGT...	930	1/1	PASS	SERPINA2
chr14	95419899	443	GTGGTGGTCGTGATGGTGAGGGTGATGGTGTTAAGGATGATGGTGAT...	999	1/1	PASS	SYNE3
chr14	103968795	147	AAAAAAAAAAAAAAAAAAAAAAAAAAAAAAAAAAAAAAAAAAAAACA...	49	1/1	MinQUAL;SampleFT	TDRD9
chr14	104231892	265	CATTACCATCATCACTATTACACACCATCATCAACATCATCCCCACT...	999	1/1	PASS	LINC02691
chr15	27385226	355	TCCTTTGTAGAGCTATCACAGGGTTCTCACACTCGGGTCATTATTCA...	999	1/1	PASS	GABRG3
chr15	27520634	333	TCTGGTTCCCAAAATTTTTTTTTTTTTTTTTTTTTTTTTTTTTTGAG...	293	0/1	PASS	GABRG3
chr15	29529214	206	GGGCGTGGAGGGGTGTGTGAGGGTGTGGAGGGGTGGGGGCGTGGAGG...	434	1/1	PASS	FAM189A1
chr15	29558678	221	CTCCCACCTCCTCCTCCACTTCCTGCACCTCCTCCTCTACCTCCTCC...	999	1/1	PASS	FAM189A1
chr15	29561003	183	ACAGAAGACCATGTGACCACAAAGCCTAAACACTGACTCTTCTGTAT...	999	1/1	PASS	FAM189A1
chr15	32662486	275	TTTTTTTTTTTTTTTTTTTTTTTTTTTTTTTTGAGACGGAGTCTCGC...	195	0/1	PASS	SCG5
chr15	32821096	353	CACAGATTTTCTTTTTTTTTTTTTTTTTTTTTTTTTTTGGGTTTTTT...	764	1/1	PASS	FMN1
chr15	33820898	384	GTGGCTCGCCCACCAGCAGTGTGTGAGTTGGCAAGTCTGCCTTAATA...	999	1/1	PASS	RYR3
chr15	40561980	213	TCAGGAAATATTTTTTTTTTTTTTAAAGGAATATAAAACTATTTATT...	830	0/1	PASS	CCDC32
chr15	48270760	250	TATATATATATATACTCTAAGTATTATATATTATATACTCCAAAACT...	292	1/1	PASS	SLC12A1
chr15	62793826	367	AGAAACTTGGCAGGGCCGGGCGCGGTGGCTCACGCCTGTAATCCCAG...	516	1/1	PASS	TLN2
chr15	64368762	375	AAAGTTCTTTTTTTTTTTTTTTTTTTTTTTTTTTTTTTTTTTGGGGT...	316	0/1	PASS	PCLAF
chr15	66102259	237	CAGCTTTTCAACTTGTTAATGATATTGGAGCATACGGCCTGAGTCAG...	999	1/1	PASS	MEGF11
chr15	71199702	128	CATGTGTGGTATGTGTGTGTGATGCATGTGTGTGTGGTGTGTGTGGG...	274	0/1	PASS	THSD4
chr15	72347196	357	CAGAAATAGTTCTTTTTTTTTTTTTTTTTTTTTTTTTTTTAGAGGTT...	576	0/1	PASS	HEXA
chr15	74552325	230	GCTGGGATTGCAGGCGTGTGCCACCGTGCCCAGCCGGCCTTCCTTCC...	999	1/1	PASS	ARID3B
chr15	76080304	215	TGCAGTGAGCCGAGATCGTGCCACTGCACTCCAGCCTGGGTGACAGA...	740	1/1	PASS	TMEM266
chr15	77618893	206	CAACAATACAGCTTTCAGCAACTTTCCTACCATGCAGCACGAGGGAA...	999	1/1	PASS	LINGO1
chr15	77699743	419	CTGCACACAGTAAGCACATACTAACCATCACCTGCACACAGTAAGTA...	999	1/1	PASS	LINGO1
chr15	78599765	224	AGCACTTTGGGAGGCCAAGGCAGGAGAACTGCTTGAGTCCAGGAGTT...	999	1/1	PASS	CHRNA3
chr15	78874811	317	TTCTTTTTTTTTTTTTTTTTTTTTTTTTTGAGACGGAGTCTCGCTCT...	540	0/1	PASS	MORF4L1
chr15	81198745	199	ACAGTGGCTCACGCCTGTAATCCCAGCACTTTGGGAGGCCAAGGTGT...	326	1/1	PASS	IL16
chr15	90569548	234	CCTCAGGTGATCCACCTCTCAAACTCCTGACCTCAGGTGATCCACCT...	926	1/1	PASS	CRTC3
chr15	94051933	461	ACACACCACACACACATACAGACACTCCTCCCAAACACACACACACA...	999	1/1	PASS	LINC01581
chr15	96777996	370	AAAGAGTGACAGCAGAGGGCCGGGCGCGGTGGCTCACGCCTGTAATC...	888	1/1	PASS	SPATA8-AS1
chr15	100272612	324	GGCCAGGCGCGGTGGCTCACGCCTGTAATCCCAGCACTTTGGGAGGC...	641	1/1	PASS	ADAMTS17
chr15	100390938	536	TCTAAGTGTATAAATTTATTTTTTTTTTTATTTATTTTTTTTTTTTT...	534	0/1	PASS	CERS3-AS1
chr16	239175	237	TGTAGTCCCAGCTACTCGGGAGGCTGAGGCAGGAGAATGGCGTGAAC...	850	1/1	PASS	FAM234A
chr16	1871894	249	GGTTGCAGTGAGCAAAGACTGCACCACTGCACTCCAGCCTGGGCAAA...	999	1/1	PASS	MEIOB
chr16	7176225	384	ACTTGGTTCTTTTTTTTTTTTTTTTTTTTTTTTTTTTTTTTTTTTTT...	999	1/1	PASS	RBFOX1
chr16	10884128	193	CCCCTAAAGATCCCCATGCTCTGTCTATTCATCCCTCCCTCTCTCCC...	598	0/1	PASS	CIITA
chr16	10992535	347	AAAAAATAAAAAAGAAGGCCGGGCGCGGTGGCTCACGCCTGTAATCC...	339	0/1	PASS	CLEC16A
chr16	12689395	208	AAAAAAGTATATTTTGGGGAGGCTGAGGCAGGAGAATGGCGTGAACC...	999	1/1	PASS	CPPED1
chr16	16168218	210	TGGTGGCTCATGCCTGTGATCCCAACACTTTGGGAGTTTGAGGCGGA...	700	0/1	PASS	ABCC6
chr16	18342119	145	GAGGGGAGGGGAGAGAAGGGGGGAGAGGAGAGGGGGGAGGGGGGAGC...	227	1/1	MaxMQ0Frac	PKD1P4-NPIPA8
chr16	27941594	167	CCCGGGAGGCAGAGGTTGCAGTGAGCCGAGATCATGCCATTGCAAGA...	482	1/1	PASS	GSG1L
chr16	28915167	210	CTCCTGCCTCAGCCTCCCCAGGAGCTGGGACTATAGGCACACACCAA...	999	1/1	PASS	RABEP2
chr16	30752218	254	GAAACCCCGTCTCTACTAAAAATACAAAAATTAGCTGGGTGTGGTGG...	999	1/1	PASS	PHKG2
chr16	60007243	283	GGAAGACGGAGTCTCGCTCTGTCGCCCAGGCTGGAGTGCAGTGGCGC...	250	0/1	PASS	LINC02141
chr16	65466009	167	GTGTATATATGTGTATATATGTATATATATGTATGTATGTGTGTATA...	489	0/1	PASS	LINC00922
chr16	67809198	101	GTGGCTCACGCCTGTAATCCCAGCACTTTGGGAGGCCAAGGTGGGTG...	232	1/1	PASS	TSNAXIP1
chr16	69191412	345	AATTAGCTGGGTGTAGTGGCGCAATTGTAGTCCCAGCTACTTGAGAG...	999	1/1	PASS	SNTB2
chr16	69976465	147	GGGTAATTGTTGTGCCTCGGCCTCCCTCTGCCTCTTGGGCTTGGGCG...	286	1/1	PASS	PDXDC2P-NPIPB14P
chr16	71384685	373	GGCACACACCACACACATACACAGATCACACACCACACAAAGACCAC...	999	1/1	PASS	CALB2
chr16	71946849	212	GGGATGGGGAGAGAAGGGGATGGGGAGAGAAGGGGATGGGGAGAGAA...	486	1/1	PASS	PKD1L3
chr16	79770131	195	GTGTGTGTGTGTGTGTGTGTGTCTGTGTGTGTCTGTGTGTGTGTGTG...	334	1/1	PASS	MAFTRR
chr16	87502284	643	ATGTGATGTGTATGACATATGCTGTGTATGTGTGTGTAGGTGTATGC...	567	1/1	PASS	LOC101928737
chr16	88731922	217	GAGGGCGGGGCGTGGGGATGCACTGAGTCTGGGGAGAGGGCGGGGCA...	999	1/1	PASS	PIEZO1
chr16	90040651	196	TGAGAACAGAGCGGGGGTGCCGTAGGCATGGATGCCTCTCACCGTCT...	301	0/1	PASS	GAS8
chr17	1212129	331	AGGCCGGGCGCGGTGGCTCACGCCTGTAATCCCAGCACTTTGGGAGG...	23	0/1	MinQUAL	ABR
chr17	1219312	160	GGATTACAGGCGTGAGCCACCGTGCCTGGCCAAAAATTAATTAATTT...	349	0/1	PASS	ABR
chr17	1219664	246	CGCCTGGACCCGGGAGGCAGAGGTTGCAGAGAGCTGAGATCATACCA...	999	1/1	PASS	ABR
chr17	3899245	659	CCAGGCTGGAGTGCAGCGGCACGATCTCGGCTCACTGCAGCCTCCAC...	999	1/1	PASS	P2RX1
chr17	10495760	139	AAAAAAAAAAAAAAAAAAAAAAAAAAAAAAAAAAAAACCAACAGGGG...	85	1/1	PASS	MYHAS
chr17	13533514	305	AAACTGAGGTTATTAATTTTTTTTTTTTTTTTTTTTTTTTTTTGAGA...	188	0/1	PASS	HS3ST3A1
chr17	17252362	193	GGGTACAGATAACGCTTTGGTGTGTGGGCTGTCCTGGGTACAGATAA...	78	0/1	PASS	COPS3
chr17	19013597	229	TACTGTGGATCTAGTGTGATGCTGGGTGACATCCAGGTGGGCTGTTC...	999	1/1	PASS	SLC5A10
chr17	30071290	159	TATGTAGAAAGCTGAAACTGGATCCCTTCCTTACACCTTATACAAAA...	344	0/1	PASS	EFCAB5
chr17	30156248	195	CTGTTTATCAAGCACAGACCCTCATGGAAGTTCATTGAGCAAACAGA...	600	0/1	PASS	NSRP1
chr17	30792923	450	AGGCGGGCGGATCACGAGGTCAGGAGATCGAGACCATCCCAGCTAAA...	999	1/1	PASS	CRLF3
chr17	36576313	137	GGGTGACAGAGTGAAACTCCATCTTAAAAAAAAAAAAACACGAAGAA...	366	1/1	PASS	GGNBP2
chr17	38755660	120	AAAAATATATATATATATATAAATTGCTTGAACCTGACAGACGGACG...	410	1/1	PASS	PSMB3
chr17	39992024	123	AAAAAAAAAAAAAAAAAAAAAAAAAAAAAAAAAAAACACCAAGTTTG...	42	0/1	MinQUAL	PSMD3
chr17	41144157	386	TTTTCTTGCTGCCCAGATGGAGCAAACTTACCAAGACAGGGGAATTG...	999	1/1	PASS	KRTAP9-7
chr17	43017098	569	AGGTTGCAGTGAGCCGAGATCGCGCCACTGCACTTCAGCCTGGGCAA...	999	1/1	PASS	VAT1
chr17	47325031	283	CCCACCCCACCCCCCCCCCTTTTTTTTTTTTTTTTTTTTTTTTTTTT...	703	1/1	PASS	EFCAB13
chr17	48858026	125	TAGAATAGAATAGAGTAGAATAGAGTAGAGTAGAGTAGAGTAGAGTA...	299	1/1	SampleFT	CALCOCO2
chr17	57539630	188	CAGTGAGCTGAGGTCGTGCCACTGCACTCTAGCCTGGGTGACAGAGT...	999	0/1	PASS	MSI2
chr17	61908814	347	AAAATCAGTTTTCGGCCGGGCGCGGTGGCTCACGCCTGTAATCCCAG...	275	0/1	PASS	INTS2
chr17	67688338	128	AAAAAAAAAAAAAAAAAAAAAAAAAAAAAAAAAAAAAAAAACCAAGA...	177	1/1	SampleFT	PITPNC1
chr17	72484746	191	GAAAGGAAAGAAAGGAAAGAAAGGAAAGAAAGAAAGAAAGAAAGAAA...	353	0/1	PASS	LINC00673
chr17	73051754	291	GGCTGAGGCAGGAGAATCGCGTGAACCTGGAAGGTGGAGGTTGCAGT...	999	1/1	PASS	SLC39A11
chr17	73405200	240	GGGAGGCCAAGGCGGGTGGATTACCTGAGGTCAGGAGTTTGAGACCA...	999	1/1	PASS	SDK2
chr17	74733484	264	TGTGTGGTGTGGTGTGATGTGAGGTGTGTGTGTGAGGTGTGTGTCTG...	999	1/1	PASS	RAB37
chr17	76323179	191	AAAAATACAAAAATTAGCTCTCGCCCTCCCCCTCCCCCTCCCCCTCC...	888	0/1	PASS	PRPSAP1
chr17	76925235	197	CCCTCCCCTCCCCTCCCCGTCCCCTCCCTTCCCCTCCCCTCCCCCTT...	293	1/1	PASS	MGAT5B
chr17	78175213	147	GGTGGGTTTTTCTTTTTTTTTTTTTTTTTTTTTTTAGAAGGACAATC...	263	0/1	PASS	TK1
chr17	78631699	156	GAGGGGAGGGGAGAAGAGGGGAAGGGAGAAGAGGAGAGGGGAGGGGA...	102	1/1	SampleFT	SCAT1
chr17	79483442	179	CCTCCCTCCCTCCCTCCCTGCCTGCCTCCCTCCCTCCCTCCTTGCCT...	205	1/1	PASS	RBFOX3
chr17	80082245	174	CAGGTGTGGTGGCTCATGCCTGTAATCCCAGCACTTTGTGAAGCCAA...	789	1/1	PASS	CCDC40
chr17	80700738	381	ATGGTGATGGTAGAGATGGTGATGGTGGTGATGATGATGGTCGTGGT...	983	1/1	PASS	RPTOR
chr17	81207927	357	CCACACACCATACACACCACATACACCACACAACACACACACCACAA...	999	1/1	PASS	CEP131
chr18	626989	137	AAAAAGAGAGAAAAGAAGAAAGAGAAAGAAAGAAAAGAAAAAGAGAA...	128	0/1	PASS	CLUL1
chr18	3111089	429	TACAGGTGCACACCACCACACCCCGCTAATTTTTTTGTATTTTTAGT...	999	1/1	PASS	MYOM1
chr18	3618666	362	GGTGGCTCACGCCTGTAATCCCAGCACTTTGGGAGGCCGAGGCAGGC...	999	1/1	PASS	DLGAP1
chr18	11489187	307	CTCCCAAGTAGCTGGGACTACAGGCACCCACCACAAAGTACTGGGAT...	389	0/1	PASS	LINC01255
chr18	11506393	143	GTGCTGTGGCGCGATCTCCGCTCACTGCAAGCTCCGCCTTCCGGGTT...	218	0/1	PASS	LINC01255
chr18	11874556	187	TGCACTCCAGCCTGGTGACAGAGCGAGACTCCATCTCAAAAAAAAAA...	567	1/1	PASS	GNAL
chr18	35581703	270	GGCCGGACCCGCCCGCCCGCCGGGGGAGCCGCCGGCAGTGGCCGAGG...	28	0/1	MinQUAL;SampleFT	GALNT1
chr18	36463416	224	AATATATATTTTTATTTAAAAAAATAATATATATTTTTATTATTTTT...	473	1/1	PASS	FHOD3
chr18	37283949	603	ATAGCCCAACACACACATACGCATACACACACCAATACATGCACCAT...	999	1/1	PASS	CELF4
chr18	48671983	143	AATAAATAAATAAATATATATATATATATATATATATATATATATAG...	640	1/1	PASS	CTIF
chr18	51423422	194	TCTGTGTAACAAACCTGCACATCCTTCACATGTACCCTGGAACTTAA...	751	1/1	PASS	LINC01630
chr18	67682314	123	ATACCTACAACCAACTGATCTCCAAAAAAGTTGACCAAAAAAAAAAA...	223	0/1	PASS	LOC643542
chr18	68822512	102	CACCGTTTTAGCCGGGATGGTCTCGATCTCCTGACCTCGTGATCCGC...	414	0/1	PASS	CCDC102B
chr18	68905256	403	GAAATTATTTTTTTTTATTTTTATTTTTATTTATTTATTTTTTTTGA...	732	0/1	PASS	CCDC102B
chr18	69612457	155	GGCGCATGTGTGCGAGGGCGCATGTGTGCGAGGGCGCATGTGTGCGA...	999	1/1	PASS	DOK6
chr18	76926745	661	AAAGGGTGATTAGACAGTGTGTGTGTGTATGGTATAAAGGGTGATTA...	999	1/1	PASS	ZNF236
chr19	434567	512	GTGAGTGAGATCATGAGTGAGTCTGTGAGATCGTGAGATCGTCAGCC...	999	1/1	PASS	SHC2
chr19	1162198	250	CCTGTAATCCCAGCACTTTGGGAGGTCAAGGTGGGAGAATCGCTTGA...	999	1/1	PASS	SBNO2
chr19	3742668	522	ATGGTGGCTCACGCCTGTAATCCCAGCACTTTGGGAGGCCGAGGCGG...	999	1/1	PASS	TJP3
chr19	5787204	467	GTGGGAGGTCGTGGGAGATGGTGGGAGGTCGTGGGAGATGGTGGGAG...	821	1/1	PASS	DUS3L
chr19	8896564	248	CACCACCACCATCATCATTATCCTCATCATCCCCATCACCACCAGCG...	999	1/1	PASS	MUC16
chr19	12621722	120	GGGCGGTCAGCCCCCCTGCCCGGCCAGCCGCCCCGTCCGGGAGGTGA...	220	0/1	PASS	ZNF791
chr19	14595973	455	TGTTGTTGGTGATGATGATGGTGGTGGTGAAGGCATTGATGGTGTTG...	999	1/1	PASS	CLEC17A
chr19	14763755	324	CTCTCCTCCTCCTCCTCTTGTCCACCACCTCCTCCTCTCCTCCTCCT...	433	1/1	PASS	ADGRE2
chr19	17415502	202	CCGTTGCTTTTTTTGTAACCATTTGTCTTTTAAATTGTTTATTTCTC...	124	0/1	PASS	BISPR
chr19	18116838	390	GGAGGCGGGGGTTGCAGTGAGCCGAGATGGTGCCACTGCACTCCGCC...	999	1/1	PASS	MAST3
chr19	18689482	374	TGTAGTAGCACAGTCATGGCTCACTGCAACCTCTGCCTCCCGAGTTC...	999	1/1	PASS	CRTC1
chr19	18724789	213	AGACTGTTTTTTCTTTTTTTTTTTTTTTTTTTTTTTTTTTTTTTTTT...	240	0/1	PASS	CRTC1
chr19	23828483	657	AAGTATTTCAACCTTAGGTGCCGGGATTGCAGACGGAGTCTCGTTCA...	999	1/1	PASS	RPSAP58
chr19	29364873	371	TGGTGATGTAGGGGTGGGTTGCCCCTACACACCTGTGGGTGTTTCTC...	661	0/1	PASS	LOC284395
chr19	33458800	452	GGGCATGTGTAGTGTGAGGGGTGTGTATGTGGTGTGCGGGAGTGTGT...	999	1/1	PASS	PEPD
chr19	34392183	480	TCTGAGGAGGTGGGAACTGGCACAAGTATGAGGATCTGGGTCTGTCA...	999	1/1	PASS	GPI
chr19	35836053	368	GGTTCAAGCAATTCTCATGCTTCAGCCTCCTGAGTAGCTGGGATTAC...	999	1/1	PASS	NPHS1
chr19	37242104	392	TAGATACTATACTATATATGGTATCTATACTATATATAGTATAGTAT...	999	1/1	PASS	ZNF383
chr19	38546744	297	AGTTTGAGACCAGCCCGGCCAACATGGTGAAAACCCATCTCTACTAA...	999	1/1	PASS	RYR1
chr19	39898311	236	ATGTTTATTTATTTATTTGTAAAGTCTGGGGGATTCCCACATCAGAG...	999	0/1	PASS	FCGBP
chr19	39905478	863	AGAAAAGTCAATGCGGCCAGGTGCAGTGGCTCACGCCTGTAATCCTA...	999	0/1	MaxMQ0Frac	FCGBP
chr19	43517389	156	AGGACTTTGGGAGGCTGAGGCAGGCGGATCACAAGCACCATGAGGAA...	999	1/1	PASS	ETHE1
chr19	43665713	414	CAGGCTGGAGTGCAGTGGCACTATCTCAGCTCACTACAACCGCTGCC...	999	1/1	PASS	PLAUR
chr19	46916382	112	GAGACGGGGTTTCACCTTGTTAGCCAGGATGGTCTCGATCTCCTGAC...	321	0/1	PASS	ARHGAP35
chr19	47419530	335	CTCTGTGGTCACATCCGGAAGTTCCACGGCGGAGATGCTTAACCCAC...	999	1/1	PASS	MEIS3
chr19	48043533	290	CACCACCATCATCATCACCATCATCAACACCATCATCATCACCATCA...	999	1/1	PASS	CABP5
chr19	48824223	176	CAGCCTGGGCAACAGAGCGAGATTCCATCAAATAAATAAATAAATAA...	680	0/1	PASS	HSD17B14
chr19	52853587	544	GGCTGAGGCAGGAGAATCACTTCAACCTGGGAGACAGAGGTTGCAAT...	621	0/1	PASS	ZNF468
chr19	55266484	360	CACCACCATCACCATCATCACCACCATCACCATCACCACCATCACAA...	999	1/1	PASS	HSPBP1
chr19	56176906	476	TTCCCCCGGAATTCTCAATTTTTTTTTTTTTGAGACAGAGTCTCACT...	999	0/1	PASS	GALP
chr19	57125642	165	GGACTACAGGCGCCCGCCACTACGCCCGGCTAATTTTTTGTATTTTT...	193	0/1	PASS	USP29
chr19	57327475	366	CTGGGATTACAGGCATACGCCACCACACCTGGCTAATTTTGTGTTTT...	999	1/1	PASS	ZNF543
chr20	1565567	364	AAGAAATGTTTCCTGGCCGGGCGCGGTGGCTCACGCCTGTAATCCCA...	465	1/1	PASS	SIRPB1
chr20	9591620	501	AAAAATGTAATAACTAAGGCCGGGCGCGGTGGCTCACGCCTGTAATC...	492	0/1	PASS	PAK5
chr20	9660319	416	AAGATTATTTTACTTTGGGAGGCCGAGGCGGGCGGATCACGAGGTCA...	776	1/1	PASS	PAK5
chr20	13951577	285	GACTAGAGTGAGACTCTGTCTCAAAAAAAAAAAGAAAAAAAGAAAGA...	767	1/1	PASS	SEL1L2
chr20	15107013	371	ACACACAATCCTTTTTTTTTTTTTTTTTTTTTTTTTTTTTGGAAACA...	239	0/1	PASS	MACROD2
chr20	19663413	174	TCCTCCTCCACCTCCTCCTCCTCCTCCTCCACTTCCTCCTCCACCTC...	348	1/1	PASS	SLC24A3
chr20	20296130	280	CCTTCCTTCCTTCTCTCCTTCCTTCCTTCCCTCCCTCCTTCCCTTCC...	186	0/1	SampleFT	CFAP61
chr20	36621501	232	GGGGGGGGGGGGGGGGGGGGGGGGGGGGGGGGGGGGGGGGGGGGGGG...	48	0/1	MinQUAL	SLA2
chr20	36642163	494	TCTCAAAAAAAAAAAAAAAAAAAAAAAAGTCTGCAAGAGGGATCTGA...	999	1/1	PASS	SLA2
chr20	38356154	213	CCCCCACACTCCCCCACACAGACACCCCCACACACCACCCCCACACA...	999	1/1	PASS	LBP
chr20	44025526	256	GCTATATCTGTGGTTCTTAACAGGCGCGGTTTTGCCTCCCTGCAGAC...	999	1/1	PASS	TOX2
chr20	44404778	205	GTTTGTTGATGTGTGTGTATGTGTGCGTGTGTGTGAATTGTGTGTGT...	999	1/1	PASS	HNF4A
chr20	47554539	359	ACAAGCATTCTTTTTTTTTTTTTTTTCCATTTTTTTTCTTTTTTATT...	676	0/1	PASS	NCOA3
chr20	47670707	225	GGGGTGGGAGCGGGGTGGGAGAACGGGGTGGGAGAACGGGGTGGGAG...	623	1/1	PASS	SULF2
chr20	58520302	361	AGGAGGATGGGTAGGTGGATGGGAGTGAGATGGATGGGTGGACGGAT...	999	1/1	PASS	APCDD1L-DT
chr20	61353603	199	CTGCCTTCCTCCCCCTCCTCCCCTTCCCCCTCCCCCCTCCTCTGTCT...	841	1/1	PASS	CDH4
chr20	61383629	318	TCTATATATGATATATATGAATATATGAATATATGATACGTATGAAT...	999	1/1	PASS	CDH4
chr20	61823304	448	GTGATGATGGTAGTGGTAGTGATGATGGTGATGATGGTGATGATAGT...	999	1/1	PASS	CDH4
chr20	61985041	151	GTGGTATGGGGAGGGAAGGGGTGGCAGGGGAGGGAGGGTGCAGTGGG...	358	1/1	PASS	TAF4
chr20	62349803	148	GGGCTGGGGGTGATGACGGTAGGGGTGATGAGATGATGGTGGGGGTG...	397	0/1	PASS	LAMA5
chr20	63028128	315	ACCGGTGGGGAGGGGCCGGTGGGGAGGGGGCCGGTGGGGAGAGGACC...	723	1/1	PASS	LINC01749
chr20	63441144	293	TTTTAGTAGAAACAGGTTTCACCGTGTTAGCCAGGATGGTCTCGATC...	999	1/1	PASS	KCNQ2
chr20	63492159	209	GGATAGGTGGATGGGTGGATGGACAGAAGGATGAATGGGTAGGGAGA...	999	1/1	PASS	EEF1A2
chr21	18144979	581	TGACTAATTTCAATTTTTTTTTTTTTTTTTATTATACTCTAAGTTTT...	943	0/1	PASS	CHODL
chr21	21097957	230	AAATGTTCCTATTTAATAGCTCTCTTGAGAGGAACTATGCTTAATAC...	972	1/1	PASS	NCAM2
chr21	26001843	227	CAATGTCAATACAAATGGGGACTAACTATTGTTTTACTTCCCTATAC...	999	1/1	PASS	APP
chr21	26002385	201	GGATCCTTGTCTTTGATTGGCTAATTAGAATCAATCTGTTGAAGGAC...	999	1/1	PASS	APP
chr21	29010490	323	TCCCAGCTACTTGAGAGGCTCAGGTGGGAGGACTGCTTGAGCCCAGA...	999	1/1	PASS	RWDD2B
chr21	33474775	159	CAAAAAAAAAAAAAAAAAAAAAGACAACAATTTAAAGCAAAAATTAG...	569	1/1	PASS	TMEM50B
chr21	36222892	251	TGGTTTTTTTTTTTTTTTTTTTTTTTTTTTTTTTTTTTTTTTTTTTG...	164	0/1	PASS	DOP1B
chr21	37685534	306	GGCCGGGCGCGGTGGCTCATGCCTATAATCCCAGCACTTTGGGAGGC...	657	1/1	PASS	KCNJ6
chr21	37707711	530	AGTGTGTGTGTGTGTGTGTGTGTGTGTGTATATGTGTGCATGTGTAT...	999	1/1	PASS	KCNJ6
chr21	38059652	410	TGGGGATGATAGTGATGGTGGTGGTGGTGATGACGATGATGGTAGTC...	999	1/1	PASS	DSCR4
chr21	38914020	912	AACACAACATACAACACACAAACCATACATTACACAACATACACCAC...	999	1/1	PASS	LOC400867
chr21	42994294	256	GCCTCCCAAAGTGCTGGGATTACAGGCAGGAGCCACTGCACCTGGCC...	744	1/1	PASS	PKNOX1
chr21	43468160	369	CCTCACTCACCACATACACACCAACCACCACATACCACACACACCAC...	999	1/1	PASS	LINC00313
chr21	45999921	268	CATGTGAGGATCATGGGAAGACCCGTGAGGATCATGGGGGGGACGTG...	682	1/1	PASS	COL6A1
chr21	46145767	152	CGCCCTCCCCCCAACAGCGCCCTCCCCCCAACAACTGCGCCCTCCCC...	510	0/1	SampleFT	FTCD
chr22	17567654	283	TATCCTTGCTTTTATTTATTTATTTATTTATTTATTTATTTTATTTT...	819	0/1	PASS	SLC25A18
chr22	17577684	127	ATTCTCCTGCCTCAGCCTCCCTAGTAGCTGGGACTACAAGCGCCCGC...	663	1/1	PASS	SLC25A18
chr22	23998246	203	GGGCCAGGTGTGGTGGCTCACGCCCCGAATCCCTTTGGGGATTCAGG...	944	0/1	PASS	GSTTP2
chr22	25792367	330	CCGGGCGCGGTGGCTCACGCCTGTAATCCCAGCACTTTGGGAGGCCG...	512	0/1	PASS	MYO18B
chr22	25820045	223	AACTGTTATCATCACCATCACCATCATCATCACCACCACATCATCAT...	838	1/1	PASS	MYO18B
chr22	26601643	356	CTAACAGCTTTTTTTTTTTTTTTTTTTTTTTTTTTTTTTGGCGCTTT...	346	0/1	PASS	CRYBB1
chr22	28730264	131	AGGAGAGGAGAGGAGGGGAGGGGAGGAGAGGAGAGGGGAGGGGAGGG...	760	1/1	PASS	CHEK2
chr22	30071805	177	AATATGATAAAGGGGCTGGGCGTGGTGGCTCACGCCTGTCATCCCAG...	407	0/1	PASS	HORMAD2-AS1
chr22	32572436	138	TCCCTCCCTCCTTTCCTTCCTTCCTTCCTCCTTCCTTCCCTCCTTTC...	219	1/1	PASS	SYN3
chr22	36680685	366	CTGCATCATGGCTATAATTACCACCATCATCACCACTATACTACCAC...	999	1/1	PASS	CACNG2
chr22	36863613	243	GCTGTGGCCTTTGCACTTGCCGCTCCCCCTGCCTGAAATGCCTTTGC...	713	0/1	PASS	NCF4-AS1
chr22	40007327	451	CTCCTCCTCCTCTCCTCTCCTCCTCCTCTCCTCCTCCTGCTTGCCTC...	513	1/1	PASS	FAM83F
chr22	43475478	452	GTGATAATGGTGATGGTGGTGATGGTGATGATGGTGATGCTGATGGT...	999	1/1	PASS	MPPED1
chr22	43730259	122	AAGGATGGAGGGAGGGAGGGAGGGAAGGAGGGGAGGGAGGGAAGGGA...	293	1/1	PASS	EFCAB6
chr22	46469974	120	GGGAGGAGGAGGGGAGGGAGGGAGGAGGAGGGGAGGGAGGGAGGAGG...	333	1/1	PASS	CELSR1
chr22	50697540	182	GCAGCCCCGCGGCCCCGGAGCCCTGAGCGGGCGCGGCTCGTGCGCTG...	776	1/1	PASS	SHANK3
chrX	2320508	237	TGGTCTCAAACTCTTGACCTCAGGCGATCTGCTGGCTTTGGCCTCCC...	999	1/1	PASS	DHRSX
chrX	2385466	325	TTATTTTTTTTTTTTTTTTTTTTTTTTTTTTTTTTTTTTTTTTTTGA...	481	0/1	PASS	DHRSX
chrX	2632000	304	GATATTGTGGAAGTGCTACTATTATCCATATGAACCAGGAAGTGCTA...	999	1/1	MaxDepth	CD99P1
chrX	2632008	154	AATACTTCCTGGTTCATACGGATAATTGTAGCACTTCTTAGTTTTTA...	520	1/1	MaxDepth	CD99P1
chrX	14631915	296	ATATGTATATGTATATATATAGACATACATATGTATATGTCTATATA...	505	1/1	PASS	GLRA2
chrX	33009169	209	ATGTGTATATATACGTATATATGTATATATGTGTATATATACGTATA...	129	1/1	PASS	DMD
chrX	33284733	349	CGCGGTGGCTCACGCCTGTAATCCCAGCACTTTGGGAGGCCGAGGCG...	425	1/1	PASS	DMD
chrX	49181570	142	GTACGTGTATATATATACGTGTATATATATACGTATATGTACGTGTA...	628	1/1	PASS	PRICKLE3
chrX	74459229	177	ATATATATATATATATATATATATACACACACACATACATATATATA...	766	1/1	PASS	SLC16A2
chrX	106613264	132	TAACGGTGTGATTTTTTTTTTTTTTTTTTTTTTTTTTTTTGGTTTTT...	12	1/1	MinQUAL	RADX
