CHROM	POS	REF	ALT	GENE	IMPACT	EFFECT	FEATURE	HGVS_C	HGVS_P	GENOTYPE
chr6	116120483	C	G	COL10A1	MODERATE	missense_variant	NM_000493.4	c.1633G>C	p.Gly545Arg	1/1
chr6	116125413	A	G	COL10A1	MODERATE	missense_variant	NM_000493.4	c.80T>C	p.Met27Thr	1/1
chr1	102888582	A	G	COL11A1	MODERATE	missense_variant	NM_080629.2	c.4639T>C	p.Ser1547Pro	1/1
chr1	102914362	G	A	COL11A1	MODERATE	missense_variant	NM_080629.2	c.4004C>T	p.Pro1335Leu	1/1
chr6	75087586	C	T	COL12A1	MODERATE	missense_variant	NM_004370.6	c.9172G>A	p.Gly3058Ser	1/1
chr8	120278504	A	G	COL14A1	MODERATE	missense_variant	NM_021110.4	c.3407A>G	p.Lys1136Arg	0/1
chr8	120280903	CTT	C,CTTT	COL14A1	HIGH	splice_acceptor_variant&intron_variant	NM_021110.4	c.3686-3dupT		1/2
chr9	98986074	A	G	COL15A1	MODERATE	missense_variant	NM_001855.5	c.610A>G	p.Met204Val	0/1
chr9	99005021	G	A	COL15A1	MODERATE	missense_variant	NM_001855.5	c.1324G>A	p.Ala442Thr	0/1
chr9	99015983	G	T	COL15A1	MODERATE	missense_variant	NM_001855.5	c.1511G>T	p.Gly504Val	0/1
chr9	99024998	C	T	COL15A1	MODERATE	missense_variant&splice_region_variant	NM_001855.5	c.1979C>T	p.Pro660Leu	0/1
chr9	99069713	G	A	COL15A1	MODERATE	missense_variant	NM_001855.5	c.3994G>A	p.Val1332Ile	0/1
chr1	31684120	G	C	COL16A1	MODERATE	missense_variant	NM_001856.4	c.2272C>G	p.Pro758Ala	0/1
chr1	31684159	C	T	COL16A1	MODERATE	missense_variant	NM_001856.4	c.2233G>A	p.Gly745Ser	0/1
chr1	31699894	G	T	COL16A1	MODERATE	missense_variant	NM_001856.4	c.185C>A	p.Thr62Lys	0/1
chr10	104050642	T	C	COL17A1	MODERATE	missense_variant	NM_000494.4	c.2107A>G	p.Met703Val	1/1
chr10	104057158	C	T	COL17A1	MODERATE	missense_variant	NM_000494.4	c.1282G>A	p.Gly428Ser	1/1
chr10	104064575	G	A	COL17A1	MODERATE	missense_variant	NM_000494.4	c.629C>T	p.Thr210Met	1/1
chr21	45456666	C	T	COL18A1	MODERATE	missense_variant	NM_130444.3	c.1136C>T	p.Thr379Met	0/1
chr21	45456803	G	C	COL18A1	MODERATE	missense_variant	NM_130444.3	c.1273G>C	p.Gly425Arg	0/1
chr21	45493563	G	C	COL18A1	MODERATE	missense_variant	NM_130444.3	c.3585G>C	p.Gln1195His	0/1
chr21	45504511	CGGCCCCCCA	C	COL18A1	MODERATE	disruptive_inframe_deletion	NM_130444.3	c.4074_4082delCCCAGGCCC	p.Pro1359_Pro1361del	1/1
chr7	94413927	C	G	COL1A2	MODERATE	missense_variant	NM_000089.4	c.1645C>G	p.Pro549Ala	1/1
chr8	138688966	G	T	COL22A1	MODERATE	missense_variant	NM_152888.3	c.2813C>A	p.Ala938Asp	0/1
chr8	138826669	T	C	COL22A1	MODERATE	missense_variant	NM_152888.3	c.958A>G	p.Ser320Gly	0/1
chr5	178256376	T	C	COL23A1	MODERATE	missense_variant	NM_173465.4	c.859A>G	p.Thr287Ala	0/1
chr1	86046853	C	T	COL24A1	MODERATE	missense_variant	NM_152890.7	c.1922G>A	p.Arg641His	0/1
chr1	86092284	G	A	COL24A1	MODERATE	missense_variant	NM_152890.7	c.1636C>T	p.Pro546Ser	0/1
chr1	86126154	G	A	COL24A1	MODERATE	missense_variant	NM_152890.7	c.182C>T	p.Ala61Val	0/1
chr9	114168819	G	A	COL27A1	MODERATE	missense_variant	NM_032888.4	c.1264G>A	p.Ala422Thr	1/1
chr7	7531463	G	C	COL28A1	MODERATE	missense_variant	NM_001037763.3	c.566C>G	p.Ala189Gly	1/1
chr12	48004297	T	A	COL2A1	MODERATE	missense_variant	NM_001844.5	c.25A>T	p.Thr9Ser	1/1
chr2	188999354	G	A	COL3A1	MODERATE	missense_variant	NM_000090.3	c.2092G>A	p.Ala698Thr	1/1
chr2	189010695	T	G	COL3A1	MODERATE	missense_variant	NM_000090.3	c.4059T>G	p.His1353Gln	1/1
chr13	110307009	C	G	COL4A1	MODERATE	missense_variant	NM_001845.6	c.19G>C	p.Val7Leu	1/1
chr13	110457114	A	G	COL4A2-AS2	MODERATE	missense_variant	NM_001267044.1	c.611T>C	p.Met204Thr	0/1
chr2	227246719	T	C	COL4A3	MODERATE	missense_variant	NM_000091.5	c.422T>C	p.Leu141Pro	1/1
chr2	227248459	A	G	COL4A3	MODERATE	missense_variant	NM_000091.5	c.485A>G	p.Glu162Gly	1/1
chr2	227254151	G	A	COL4A3	MODERATE	missense_variant	NM_000091.5	c.805G>A	p.Glu269Lys	0/1
chr2	227270915	C	T	COL4A3	MODERATE	missense_variant	NM_000091.5	c.1721C>T	p.Pro574Leu	0/1
chr2	227022057	A	G	COL4A4	MODERATE	missense_variant	NM_000092.5	c.4207T>C	p.Ser1403Pro	1/1
chr2	227028004	C	T	COL4A4	MODERATE	missense_variant	NM_000092.5	c.3979G>A	p.Val1327Met	1/1
chr2	227051116	G	A	COL4A4	MODERATE	missense_variant	NM_000092.5	c.3011C>T	p.Pro1004Leu	1/1
chr2	227089883	G	A	COL4A4	MODERATE	missense_variant	NM_000092.5	c.1444C>T	p.Pro482Ser	1/1
chrX	108183752	C	CCTT	COL4A6	MODERATE	conservative_inframe_insertion	NM_001287758.1	c.1971_1972insAAG	p.Glu657_Val658insLys	1
chrX	108190458	A	G	COL4A6	MODERATE	missense_variant	NM_001287758.1	c.1360T>C	p.Ser454Pro	1
chr19	9966743	C	G	COL5A3	MODERATE	missense_variant	NM_015719.4	c.4462G>C	p.Ala1488Pro	1/1
chr19	9968417	C	T	COL5A3	MODERATE	missense_variant	NM_015719.4	c.4282G>A	p.Val1428Met	0/1
chr19	9973616	C	G	COL5A3	MODERATE	missense_variant	NM_015719.4	c.3620G>C	p.Arg1207Pro	0/1
chr19	9974378	G	A	COL5A3	MODERATE	missense_variant	NM_015719.4	c.3373C>T	p.Pro1125Ser	0|1
chr19	9974386	C	T	COL5A3	MODERATE	missense_variant	NM_015719.4	c.3365G>A	p.Arg1122His	1|0
chr19	9977595	C	G	COL5A3	MODERATE	missense_variant&splice_region_variant	NM_015719.4	c.3125G>C	p.Arg1042Pro	0/1
chr19	10001670	T	C	COL5A3	MODERATE	missense_variant&splice_region_variant	NM_015719.4	c.964A>G	p.Arg322Gly	1/1
chr21	46119046	G	A	COL6A2	MODERATE	missense_variant	NM_001849.4	c.1196G>A	p.Ser399Asn	1/1
chr21	46125854	G	A	COL6A2	MODERATE	missense_variant	NM_001849.4	c.2039G>A	p.Arg680His	1/1
chr21	46132295	G	A	COL6A2	MODERATE	missense_variant	NM_001849.4	c.2803G>A	p.Gly935Arg	0/1
chr2	237334649	G	A	COL6A3	MODERATE	missense_variant	NM_004369.4	c.9206C>T	p.Thr3069Ile	0/1
chr2	237334821	C	G	COL6A3	MODERATE	missense_variant	NM_004369.4	c.9034G>C	p.Ala3012Pro	0/1
chr2	237336320	A	G	COL6A3	MODERATE	missense_variant	NM_004369.4	c.8780T>C	p.Met2927Thr	0/1
chr3	130384866	G	A	COL6A5	MODERATE	missense_variant	NM_001278298.1	c.1363G>A	p.Glu455Lys	0/1
chr3	130391707	A	G	COL6A5	MODERATE	missense_variant	NM_001278298.1	c.2945A>G	p.Asp982Gly	1/1
chr3	130395239	C	G	COL6A5	MODERATE	missense_variant	NM_001278298.1	c.3342C>G	p.Ile1114Met	0/1
chr3	130410478	G	C	COL6A5	MODERATE	missense_variant	NM_001278298.1	c.4616G>C	p.Ser1539Thr	0/1
chr3	130416800	C	A	COL6A5	MODERATE	missense_variant	NM_001278298.1	c.4868C>A	p.Pro1623His	0/1
chr3	130443551	A	G	COL6A5	MODERATE	missense_variant	NM_001278298.1	c.6563A>G	p.Gln2188Arg	1/1
chr3	130455490	G	A	COL6A5	MODERATE	missense_variant	NM_001278298.1	c.6614G>A	p.Gly2205Asp	1/1
chr3	130471786	G	A	COL6A5	MODERATE	missense_variant	NM_001278298.1	c.7679G>A	p.Ser2560Asn	1/1
chr3	130471876	AT	A	COL6A5	HIGH	frameshift_variant	NM_001278298.1	c.7772delT	p.Leu2591fs	0/1
chr3	130592554	C	T	COL6A6	MODERATE	missense_variant	NM_001102608.2	c.4286C>T	p.Ala1429Val	0/1
chr3	130643012	G	A	COL6A6	MODERATE	missense_variant	NM_001102608.2	c.5216G>A	p.Arg1739Gln	0/1
chr3	130649225	A	G	COL6A6	MODERATE	missense_variant	NM_001102608.2	c.5396A>G	p.His1799Arg	0/1
chr1	36098176	G	A	COL8A2	MODERATE	missense_variant	NM_005202.4	c.1505C>T	p.Thr502Met	0|1
chr6	70252130	T	C	COL9A1	MODERATE	missense_variant	NM_001851.5	c.1862A>G	p.Gln621Arg	0/1
chr6	70274733	A	G	COL9A1	MODERATE	missense_variant	NM_001851.5	c.1015T>C	p.Ser339Pro	0/1
chr1	40307477	T	C	COL9A2	MODERATE	missense_variant	NM_001852.4	c.977A>G	p.Gln326Arg	0/1
